# z   15.0  15.5  16.0  16.5  17.0  17.5  18.0  18.5  19.0  19.5  20.0  20.5  21.0  21.5  22.0  22.5  23.0  23.5  24.0  24.5  25.0  25.5  26.0  26.5  27.0  27.5  28.0  28.5  29.0  29.5
1.000e-02 2.287e-02 1.330e-02 7.700e-03 4.442e-03 2.557e-03 1.469e-03 8.435e-04 4.838e-04 2.774e-04 1.590e-04 9.107e-05 5.217e-05 2.988e-05 1.711e-05 9.801e-06 5.613e-06 3.214e-06 1.841e-06 1.054e-06 6.036e-07 3.459e-07 1.998e-07 1.877e-07 1.877e-07 1.877e-07 1.877e-07 1.877e-07 1.877e-07 1.877e-07 1.877e-07
2.000e-02 7.647e-02 4.650e-02 2.776e-02 1.636e-02 9.557e-03 5.549e-03 3.208e-03 1.849e-03 1.064e-03 6.109e-04 3.506e-04 2.011e-04 1.153e-04 6.604e-05 3.784e-05 2.167e-05 1.241e-05 7.110e-06 4.072e-06 2.332e-06 1.336e-06 7.720e-07 7.253e-07 7.253e-07 7.253e-07 7.253e-07 7.253e-07 7.253e-07 7.253e-07 7.253e-07
3.000e-02 1.332e-01 8.713e-02 5.469e-02 3.337e-02 1.997e-02 1.179e-02 6.892e-03 4.005e-03 2.316e-03 1.336e-03 7.685e-04 4.415e-04 2.534e-04 1.453e-04 8.331e-05 4.774e-05 2.735e-05 1.567e-05 8.974e-06 5.140e-06 2.946e-06 1.702e-06 1.599e-06 1.599e-06 1.599e-06 1.599e-06 1.599e-06 1.599e-06 1.599e-06 1.599e-06
4.000e-02 1.689e-01 1.220e-01 8.207e-02 5.253e-02 3.249e-02 1.962e-02 1.166e-02 6.847e-03 3.991e-03 2.313e-03 1.336e-03 7.694e-04 4.423e-04 2.540e-04 1.457e-04 8.356e-05 4.789e-05 2.744e-05 1.572e-05 9.004e-06 5.162e-06 2.982e-06 2.802e-06 2.802e-06 2.802e-06 2.802e-06 2.802e-06 2.802e-06 2.802e-06 2.802e-06
5.000e-02 1.729e-01 1.418e-01 1.042e-01 7.083e-02 4.568e-02 2.840e-02 1.722e-02 1.026e-02 6.035e-03 3.521e-03 2.043e-03 1.180e-03 6.801e-04 3.911e-04 2.246e-04 1.289e-04 7.391e-05 4.237e-05 2.428e-05 1.391e-05 7.973e-06 4.607e-06 4.328e-06 4.328e-06 4.328e-06 4.328e-06 4.328e-06 4.328e-06 4.328e-06 4.328e-06
6.000e-02 1.500e-01 1.434e-01 1.171e-01 8.572e-02 5.817e-02 3.746e-02 2.326e-02 1.409e-02 8.389e-03 4.935e-03 2.879e-03 1.670e-03 9.647e-04 5.558e-04 3.196e-04 1.836e-04 1.053e-04 6.040e-05 3.462e-05 1.984e-05 1.137e-05 6.572e-06 6.175e-06 6.175e-06 6.175e-06 6.175e-06 6.175e-06 6.175e-06 6.175e-06 6.175e-06
7.000e-02 1.130e-01 1.294e-01 1.196e-01 9.544e-02 6.874e-02 4.613e-02 2.948e-02 1.821e-02 1.099e-02 6.525e-03 3.832e-03 2.233e-03 1.294e-03 7.471e-04 4.303e-04 2.474e-04 1.420e-04 8.149e-05 4.672e-05 2.678e-05 1.536e-05 8.875e-06 8.339e-06 8.339e-06 8.339e-06 8.339e-06 8.339e-06 8.339e-06 8.339e-06 8.339e-06
8.000e-02 7.515e-02 1.057e-01 1.127e-01 9.925e-02 7.652e-02 5.383e-02 3.554e-02 2.246e-02 1.377e-02 8.264e-03 4.889e-03 2.863e-03 1.665e-03 9.639e-04 5.561e-04 3.201e-04 1.839e-04 1.056e-04 6.056e-05 3.472e-05 1.992e-05 1.151e-05 1.082e-05 1.082e-05 1.082e-05 1.082e-05 1.082e-05 1.082e-05 1.082e-05 1.082e-05
9.000e-02 4.453e-02 7.902e-02 9.893e-02 9.733e-02 8.104e-02 6.012e-02 4.118e-02 2.669e-02 1.665e-02 1.012e-02 6.036e-03 3.556e-03 2.076e-03 1.205e-03 6.967e-04 4.015e-04 2.310e-04 1.327e-04 7.613e-05 4.366e-05 2.505e-05 1.448e-05 1.360e-05 1.360e-05 1.360e-05 1.360e-05 1.360e-05 1.360e-05 1.360e-05 1.360e-05
1.000e-01 2.369e-02 5.439e-02 8.141e-02 9.061e-02 8.217e-02 6.467e-02 4.614e-02 3.076e-02 1.957e-02 1.205e-02 7.258e-03 4.304e-03 2.525e-03 1.470e-03 8.514e-04 4.915e-04 2.830e-04 1.627e-04 9.339e-05 5.357e-05 3.074e-05 1.777e-05 1.670e-05 1.670e-05 1.670e-05 1.670e-05 1.670e-05 1.670e-05 1.670e-05 1.670e-05
1.100e-01 1.136e-02 3.466e-02 6.312e-02 8.046e-02 8.015e-02 6.731e-02 5.023e-02 3.455e-02 2.246e-02 1.404e-02 8.542e-03 5.101e-03 3.007e-03 1.757e-03 1.020e-03 5.897e-04 3.399e-04 1.955e-04 1.123e-04 6.446e-05 3.700e-05 2.140e-05 2.010e-05 2.010e-05 2.010e-05 2.010e-05 2.010e-05 2.010e-05 2.010e-05 2.010e-05
1.200e-01 4.937e-03 2.051e-02 4.627e-02 6.840e-02 7.548e-02 6.804e-02 5.333e-02 3.794e-02 2.525e-02 1.604e-02 9.869e-03 5.939e-03 3.520e-03 2.064e-03 1.202e-03 6.959e-04 4.017e-04 2.313e-04 1.329e-04 7.631e-05 4.381e-05 2.534e-05 2.381e-05 2.381e-05 2.381e-05 2.381e-05 2.381e-05 2.381e-05 2.381e-05 2.381e-05
1.300e-01 1.948e-03 1.131e-02 3.217e-02 5.581e-02 6.880e-02 6.696e-02 5.534e-02 4.085e-02 2.788e-02 1.803e-02 1.123e-02 6.813e-03 4.061e-03 2.391e-03 1.396e-03 8.100e-04 4.681e-04 2.698e-04 1.552e-04 8.912e-05 5.118e-05 2.961e-05 2.782e-05 2.782e-05 2.782e-05 2.782e-05 2.782e-05 2.782e-05 2.782e-05 2.782e-05
1.400e-01 6.997e-04 5.825e-03 2.125e-02 4.380e-02 6.084e-02 6.430e-02 5.626e-02 4.320e-02 3.030e-02 1.996e-02 1.260e-02 7.714e-03 4.627e-03 2.736e-03 1.602e-03 9.316e-04 5.392e-04 3.110e-04 1.790e-04 1.029e-04 5.909e-05 3.419e-05 3.213e-05 3.213e-05 3.213e-05 3.213e-05 3.213e-05 3.213e-05 3.213e-05 3.213e-05
1.500e-01 2.292e-04 2.806e-03 1.336e-02 3.312e-02 5.227e-02 6.034e-02 5.612e-02 4.495e-02 3.246e-02 2.183e-02 1.397e-02 8.636e-03 5.215e-03 3.098e-03 1.820e-03 1.060e-03 6.147e-04 3.550e-04 2.044e-04 1.175e-04 6.755e-05 3.910e-05 3.674e-05 3.674e-05 3.674e-05 3.674e-05 3.674e-05 3.674e-05 3.674e-05 3.674e-05
1.600e-01 6.859e-05 1.266e-03 8.011e-03 2.417e-02 4.369e-02 5.542e-02 5.500e-02 4.608e-02 3.433e-02 2.359e-02 1.532e-02 9.570e-03 5.821e-03 3.475e-03 2.048e-03 1.196e-03 6.946e-04 4.015e-04 2.315e-04 1.331e-04 7.655e-05 4.431e-05 4.164e-05 4.164e-05 4.164e-05 4.164e-05 4.164e-05 4.164e-05 4.164e-05 4.164e-05
1.700e-01 1.877e-05 5.358e-04 4.583e-03 1.704e-02 3.558e-02 4.986e-02 5.302e-02 4.659e-02 3.588e-02 2.522e-02 1.664e-02 1.051e-02 6.441e-03 3.865e-03 2.286e-03 1.339e-03 7.787e-04 4.507e-04 2.600e-04 1.497e-04 8.608e-05 4.984e-05 4.684e-05 4.684e-05 4.684e-05 4.684e-05 4.684e-05 4.684e-05 4.684e-05 4.684e-05
1.800e-01 4.706e-06 2.129e-04 2.505e-03 1.161e-02 2.824e-02 4.398e-02 5.032e-02 4.651e-02 3.709e-02 2.670e-02 1.792e-02 1.145e-02 7.072e-03 4.268e-03 2.534e-03 1.488e-03 8.669e-04 5.024e-04 2.901e-04 1.671e-04 9.613e-05 5.568e-05 5.233e-05 5.233e-05 5.233e-05 5.233e-05 5.233e-05 5.233e-05 5.233e-05 5.233e-05
1.900e-01 1.081e-06 7.953e-05 1.310e-03 7.657e-03 2.187e-02 3.808e-02 4.705e-02 4.586e-02 3.794e-02 2.802e-02 1.914e-02 1.238e-02 7.711e-03 4.681e-03 2.790e-03 1.643e-03 9.592e-04 5.566e-04 3.217e-04 1.854e-04 1.067e-04 6.183e-05 5.811e-05 5.811e-05 5.811e-05 5.811e-05 5.811e-05 5.811e-05 5.811e-05 5.811e-05
2.000e-01 2.279e-07 2.794e-05 6.549e-04 4.890e-03 1.654e-02 3.237e-02 4.336e-02 4.470e-02 3.844e-02 2.917e-02 2.029e-02 1.329e-02 8.354e-03 5.102e-03 3.055e-03 1.804e-03 1.055e-03 6.132e-04 3.548e-04 2.046e-04 1.178e-04 6.829e-05 6.418e-05 6.418e-05 6.418e-05 6.418e-05 6.418e-05 6.418e-05 6.418e-05 6.418e-05
2.100e-01 4.409e-08 9.235e-06 3.136e-04 3.026e-03 1.222e-02 2.703e-02 3.942e-02 4.310e-02 3.860e-02 3.012e-02 2.136e-02 1.418e-02 8.999e-03 5.531e-03 3.326e-03 1.970e-03 1.155e-03 6.722e-04 3.893e-04 2.246e-04 1.294e-04 7.505e-05 7.054e-05 7.054e-05 7.054e-05 7.054e-05 7.054e-05 7.054e-05 7.054e-05 7.054e-05
2.200e-01 7.838e-09 2.875e-06 1.439e-04 1.815e-03 8.825e-03 2.219e-02 3.537e-02 4.112e-02 3.842e-02 3.087e-02 2.235e-02 1.505e-02 9.640e-03 5.966e-03 3.604e-03 2.142e-03 1.258e-03 7.335e-04 4.252e-04 2.456e-04 1.416e-04 8.211e-05 7.718e-05 7.718e-05 7.718e-05 7.718e-05 7.718e-05 7.718e-05 7.718e-05 7.718e-05
2.300e-01 1.281e-09 8.434e-07 6.326e-05 1.056e-03 6.232e-03 1.792e-02 3.133e-02 3.883e-02 3.793e-02 3.143e-02 2.324e-02 1.588e-02 1.028e-02 6.404e-03 3.888e-03 2.318e-03 1.365e-03 7.970e-04 4.626e-04 2.673e-04 1.542e-04 8.947e-05 8.410e-05 8.410e-05 8.410e-05 8.410e-05 8.410e-05 8.410e-05 8.410e-05 8.410e-05
2.400e-01 1.924e-10 2.332e-07 2.667e-05 5.960e-04 4.304e-03 1.423e-02 2.741e-02 3.632e-02 3.715e-02 3.179e-02 2.403e-02 1.667e-02 1.090e-02 6.845e-03 4.177e-03 2.499e-03 1.475e-03 8.628e-04 5.013e-04 2.900e-04 1.673e-04 9.713e-05 9.130e-05 9.130e-05 9.130e-05 9.130e-05 9.130e-05 9.130e-05 9.130e-05 9.130e-05
2.500e-01 2.660e-11 6.080e-08 1.079e-05 3.265e-04 2.909e-03 1.112e-02 2.369e-02 3.364e-02 3.612e-02 3.194e-02 2.471e-02 1.742e-02 1.152e-02 7.286e-03 4.470e-03 2.684e-03 1.589e-03 9.306e-04 5.413e-04 3.134e-04 1.810e-04 1.051e-04 9.878e-05 9.878e-05 9.878e-05 9.878e-05 9.878e-05 9.878e-05 9.878e-05 9.878e-05
2.600e-01 3.385e-12 1.496e-08 4.186e-06 1.737e-04 1.925e-03 8.558e-03 2.023e-02 3.089e-02 3.485e-02 3.191e-02 2.528e-02 1.812e-02 1.212e-02 7.727e-03 4.766e-03 2.873e-03 1.705e-03 1.000e-03 5.827e-04 3.376e-04 1.951e-04 1.133e-04 1.065e-04 1.065e-04 1.065e-04 1.065e-04 1.065e-04 1.065e-04 1.065e-04 1.065e-04
2.700e-01 3.967e-13 3.472e-09 1.559e-06 8.974e-05 1.247e-03 6.483e-03 1.708e-02 2.810e-02 3.340e-02 3.169e-02 2.574e-02 1.877e-02 1.270e-02 8.165e-03 5.065e-03 3.065e-03 1.824e-03 1.072e-03 6.254e-04 3.627e-04 2.097e-04 1.219e-04 1.146e-04 1.146e-04 1.146e-04 1.146e-04 1.146e-04 1.146e-04 1.146e-04 1.146e-04
2.800e-01 4.282e-14 7.609e-10 5.576e-07 4.504e-05 7.911e-04 4.837e-03 1.425e-02 2.535e-02 3.178e-02 3.130e-02 2.608e-02 1.936e-02 1.326e-02 8.600e-03 5.366e-03 3.261e-03 1.946e-03 1.146e-03 6.693e-04 3.885e-04 2.248e-04 1.307e-04 1.229e-04 1.229e-04 1.229e-04 1.229e-04 1.229e-04 1.229e-04 1.229e-04 1.229e-04
2.900e-01 4.260e-15 1.575e-10 1.915e-07 2.196e-05 4.917e-04 3.555e-03 1.176e-02 2.267e-02 3.005e-02 3.075e-02 2.631e-02 1.989e-02 1.380e-02 9.029e-03 5.668e-03 3.459e-03 2.070e-03 1.222e-03 7.145e-04 4.152e-04 2.403e-04 1.398e-04 1.314e-04 1.314e-04 1.314e-04 1.314e-04 1.314e-04 1.314e-04 1.314e-04 1.314e-04
3.000e-01 3.906e-16 3.078e-11 6.319e-08 1.041e-05 2.994e-04 2.574e-03 9.603e-03 2.010e-02 2.822e-02 3.005e-02 2.643e-02 2.037e-02 1.432e-02 9.451e-03 5.971e-03 3.659e-03 2.196e-03 1.299e-03 7.609e-04 4.425e-04 2.564e-04 1.492e-04 1.403e-04 1.403e-04 1.403e-04 1.403e-04 1.403e-04 1.403e-04 1.403e-04 1.403e-04
3.100e-01 3.302e-17 5.683e-12 2.003e-08 4.796e-06 1.786e-04 1.837e-03 7.755e-03 1.769e-02 2.634e-02 2.922e-02 2.644e-02 2.078e-02 1.481e-02 9.866e-03 6.273e-03 3.862e-03 2.325e-03 1.378e-03 8.084e-04 4.707e-04 2.729e-04 1.589e-04 1.494e-04 1.494e-04 1.494e-04 1.494e-04 1.494e-04 1.494e-04 1.494e-04 1.494e-04
3.200e-01 2.575e-18 9.917e-13 6.103e-09 2.148e-06 1.045e-04 1.292e-03 6.196e-03 1.544e-02 2.444e-02 2.828e-02 2.634e-02 2.112e-02 1.527e-02 1.027e-02 6.574e-03 4.066e-03 2.456e-03 1.459e-03 8.571e-04 4.995e-04 2.898e-04 1.688e-04 1.587e-04 1.587e-04 1.587e-04 1.587e-04 1.587e-04 1.587e-04 1.587e-04 1.587e-04
3.300e-01 1.852e-19 1.636e-13 1.787e-09 9.357e-07 5.988e-05 8.956e-04 4.899e-03 1.336e-02 2.253e-02 2.724e-02 2.615e-02 2.141e-02 1.570e-02 1.066e-02 6.874e-03 4.272e-03 2.589e-03 1.541e-03 9.069e-04 5.291e-04 3.072e-04 1.791e-04 1.684e-04 1.684e-04 1.684e-04 1.684e-04 1.684e-04 1.684e-04 1.684e-04 1.684e-04
3.400e-01 1.229e-20 2.550e-14 5.031e-10 3.964e-07 3.366e-05 6.120e-04 3.833e-03 1.148e-02 2.066e-02 2.611e-02 2.585e-02 2.162e-02 1.609e-02 1.105e-02 7.171e-03 4.478e-03 2.723e-03 1.625e-03 9.578e-04 5.595e-04 3.251e-04 1.896e-04 1.783e-04 1.783e-04 1.783e-04 1.783e-04 1.783e-04 1.783e-04 1.783e-04 1.783e-04
3.500e-01 7.530e-22 3.760e-15 1.362e-10 1.633e-07 1.855e-05 4.124e-04 2.968e-03 9.791e-03 1.882e-02 2.491e-02 2.547e-02 2.178e-02 1.646e-02 1.142e-02 7.464e-03 4.685e-03 2.859e-03 1.710e-03 1.010e-03 5.905e-04 3.433e-04 2.003e-04 1.884e-04 1.884e-04 1.884e-04 1.884e-04 1.884e-04 1.884e-04 1.884e-04 1.884e-04
3.600e-01 4.258e-23 5.242e-16 3.545e-11 6.547e-08 1.002e-05 2.740e-04 2.275e-03 8.285e-03 1.706e-02 2.367e-02 2.500e-02 2.187e-02 1.678e-02 1.177e-02 7.754e-03 4.893e-03 2.996e-03 1.797e-03 1.063e-03 6.221e-04 3.621e-04 2.114e-04 1.988e-04 1.988e-04 1.988e-04 1.988e-04 1.988e-04 1.988e-04 1.988e-04 1.988e-04
3.700e-01 2.223e-24 6.913e-17 8.873e-12 2.554e-08 5.313e-06 1.796e-04 1.727e-03 6.959e-03 1.537e-02 2.239e-02 2.446e-02 2.190e-02 1.708e-02 1.211e-02 8.040e-03 5.100e-03 3.134e-03 1.885e-03 1.116e-03 6.545e-04 3.812e-04 2.227e-04 2.095e-04 2.095e-04 2.095e-04 2.095e-04 2.095e-04 2.095e-04 2.095e-04 2.095e-04
3.800e-01 1.072e-25 8.625e-18 2.137e-12 9.692e-09 2.762e-06 1.161e-04 1.297e-03 5.803e-03 1.377e-02 2.109e-02 2.385e-02 2.186e-02 1.734e-02 1.243e-02 8.320e-03 5.307e-03 3.274e-03 1.974e-03 1.171e-03 6.875e-04 4.008e-04 2.343e-04 2.203e-04 2.203e-04 2.203e-04 2.203e-04 2.203e-04 2.203e-04 2.203e-04 2.203e-04
3.900e-01 4.773e-27 1.018e-18 4.950e-13 3.580e-09 1.409e-06 7.399e-05 9.652e-04 4.803e-03 1.228e-02 1.978e-02 2.317e-02 2.177e-02 1.756e-02 1.274e-02 8.595e-03 5.513e-03 3.414e-03 2.064e-03 1.227e-03 7.211e-04 4.208e-04 2.461e-04 2.315e-04 2.315e-04 2.315e-04 2.315e-04 2.315e-04 2.315e-04 2.315e-04 2.315e-04
4.000e-01 1.964e-28 1.137e-19 1.103e-13 1.287e-09 7.047e-07 4.653e-05 7.110e-04 3.948e-03 1.088e-02 1.848e-02 2.244e-02 2.162e-02 1.774e-02 1.303e-02 8.864e-03 5.717e-03 3.555e-03 2.155e-03 1.284e-03 7.554e-04 4.412e-04 2.582e-04 2.429e-04 2.429e-04 2.429e-04 2.429e-04 2.429e-04 2.429e-04 2.429e-04 2.429e-04
4.100e-01 7.464e-30 1.202e-20 2.366e-14 4.502e-10 3.459e-07 2.887e-05 5.187e-04 3.221e-03 9.595e-03 1.719e-02 2.167e-02 2.142e-02 1.789e-02 1.330e-02 9.125e-03 5.921e-03 3.697e-03 2.247e-03 1.341e-03 7.903e-04 4.620e-04 2.705e-04 2.545e-04 2.545e-04 2.545e-04 2.545e-04 2.545e-04 2.545e-04 2.545e-04 2.545e-04
4.200e-01 2.622e-31 1.203e-21 4.884e-15 1.533e-10 1.666e-07 1.767e-05 3.747e-04 2.610e-03 8.417e-03 1.593e-02 2.086e-02 2.116e-02 1.800e-02 1.355e-02 9.380e-03 6.123e-03 3.838e-03 2.340e-03 1.399e-03 8.257e-04 4.832e-04 2.831e-04 2.664e-04 2.664e-04 2.664e-04 2.664e-04 2.664e-04 2.664e-04 2.664e-04 2.664e-04
4.300e-01 8.511e-33 1.139e-22 9.703e-16 5.085e-11 7.874e-08 1.067e-05 2.681e-04 2.100e-03 7.345e-03 1.470e-02 2.002e-02 2.086e-02 1.808e-02 1.379e-02 9.626e-03 6.322e-03 3.980e-03 2.434e-03 1.458e-03 8.618e-04 5.047e-04 2.960e-04 2.785e-04 2.785e-04 2.785e-04 2.785e-04 2.785e-04 2.785e-04 2.785e-04 2.785e-04
4.400e-01 2.554e-34 1.021e-23 1.855e-16 1.642e-11 3.652e-08 6.359e-06 1.900e-04 1.678e-03 6.377e-03 1.352e-02 1.915e-02 2.051e-02 1.812e-02 1.400e-02 9.864e-03 6.519e-03 4.123e-03 2.528e-03 1.518e-03 8.984e-04 5.267e-04 3.091e-04 2.908e-04 2.908e-04 2.908e-04 2.908e-04 2.908e-04 2.908e-04 2.908e-04 2.908e-04
4.500e-01 7.086e-36 8.672e-25 3.415e-17 5.160e-12 1.663e-08 3.740e-06 1.334e-04 1.332e-03 5.508e-03 1.238e-02 1.827e-02 2.012e-02 1.812e-02 1.419e-02 1.009e-02 6.714e-03 4.264e-03 2.623e-03 1.579e-03 9.355e-04 5.490e-04 3.224e-04 3.034e-04 3.034e-04 3.034e-04 3.034e-04 3.034e-04 3.034e-04 3.034e-04 3.034e-04
4.600e-01 1.818e-37 6.972e-26 6.051e-18 1.579e-12 7.428e-09 2.170e-06 9.279e-05 1.050e-03 4.734e-03 1.130e-02 1.737e-02 1.970e-02 1.809e-02 1.437e-02 1.031e-02 6.906e-03 4.406e-03 2.719e-03 1.640e-03 9.732e-04 5.717e-04 3.360e-04 3.162e-04 3.162e-04 3.162e-04 3.162e-04 3.162e-04 3.162e-04 3.162e-04 3.162e-04
4.700e-01 4.311e-39 5.309e-27 1.032e-18 4.708e-13 3.257e-09 1.243e-06 6.393e-05 8.218e-04 4.049e-03 1.027e-02 1.648e-02 1.924e-02 1.803e-02 1.452e-02 1.052e-02 7.094e-03 4.547e-03 2.815e-03 1.701e-03 1.011e-03 5.948e-04 3.498e-04 3.292e-04 3.292e-04 3.292e-04 3.292e-04 3.292e-04 3.292e-04 3.292e-04 3.292e-04
4.800e-01 9.458e-41 3.828e-28 1.696e-19 1.367e-13 1.402e-09 7.027e-07 4.363e-05 6.390e-04 3.445e-03 9.306e-03 1.558e-02 1.874e-02 1.793e-02 1.465e-02 1.072e-02 7.279e-03 4.688e-03 2.912e-03 1.764e-03 1.050e-03 6.182e-04 3.638e-04 3.424e-04 3.424e-04 3.424e-04 3.424e-04 3.424e-04 3.424e-04 3.424e-04 3.424e-04
4.900e-01 1.919e-42 2.615e-29 2.682e-20 3.864e-14 5.924e-10 3.921e-07 2.951e-05 4.936e-04 2.918e-03 8.399e-03 1.470e-02 1.822e-02 1.781e-02 1.476e-02 1.091e-02 7.460e-03 4.828e-03 3.009e-03 1.827e-03 1.089e-03 6.420e-04 3.781e-04 3.559e-04 3.559e-04 3.559e-04 3.559e-04 3.559e-04 3.559e-04 3.559e-04 3.559e-04
5.000e-01 3.602e-44 1.692e-30 4.085e-21 1.064e-14 2.458e-10 2.159e-07 1.977e-05 3.787e-04 2.459e-03 7.552e-03 1.382e-02 1.768e-02 1.765e-02 1.485e-02 1.109e-02 7.637e-03 4.967e-03 3.106e-03 1.890e-03 1.129e-03 6.661e-04 3.926e-04 3.696e-04 3.696e-04 3.696e-04 3.696e-04 3.696e-04 3.696e-04 3.696e-04 3.696e-04
5.100e-01 6.255e-46 1.037e-31 5.993e-22 2.855e-15 1.001e-10 1.174e-07 1.312e-05 2.887e-04 2.062e-03 6.767e-03 1.296e-02 1.712e-02 1.747e-02 1.492e-02 1.126e-02 7.809e-03 5.104e-03 3.203e-03 1.954e-03 1.169e-03 6.906e-04 4.074e-04 3.835e-04 3.835e-04 3.835e-04 3.835e-04 3.835e-04 3.835e-04 3.835e-04 3.835e-04
5.200e-01 1.005e-47 6.025e-33 8.467e-23 7.460e-16 4.002e-11 6.299e-08 8.632e-06 2.186e-04 1.721e-03 6.042e-03 1.213e-02 1.654e-02 1.726e-02 1.497e-02 1.142e-02 7.977e-03 5.241e-03 3.300e-03 2.018e-03 1.210e-03 7.153e-04 4.223e-04 3.976e-04 3.976e-04 3.976e-04 3.976e-04 3.976e-04 3.976e-04 3.976e-04 3.976e-04
5.300e-01 1.494e-49 3.316e-34 1.152e-23 1.899e-16 1.571e-11 3.337e-08 5.626e-06 1.644e-04 1.430e-03 5.376e-03 1.131e-02 1.594e-02 1.702e-02 1.499e-02 1.157e-02 8.141e-03 5.376e-03 3.398e-03 2.083e-03 1.250e-03 7.404e-04 4.375e-04 4.119e-04 4.119e-04 4.119e-04 4.119e-04 4.119e-04 4.119e-04 4.119e-04 4.119e-04
5.400e-01 2.056e-51 1.729e-35 1.510e-24 4.710e-17 6.056e-12 1.745e-08 3.634e-06 1.229e-04 1.182e-03 4.766e-03 1.053e-02 1.534e-02 1.676e-02 1.500e-02 1.170e-02 8.299e-03 5.510e-03 3.495e-03 2.148e-03 1.292e-03 7.658e-04 4.529e-04 4.264e-04 4.264e-04 4.264e-04 4.264e-04 4.264e-04 4.264e-04 4.264e-04 4.264e-04
5.500e-01 2.618e-53 8.546e-37 1.907e-25 1.138e-17 2.292e-12 9.011e-09 2.326e-06 9.126e-05 9.730e-04 4.212e-03 9.772e-03 1.473e-02 1.648e-02 1.499e-02 1.183e-02 8.452e-03 5.642e-03 3.592e-03 2.213e-03 1.333e-03 7.915e-04 4.685e-04 4.412e-04 4.412e-04 4.412e-04 4.412e-04 4.412e-04 4.412e-04 4.412e-04 4.412e-04
5.600e-01 3.086e-55 4.003e-38 2.320e-26 2.679e-18 8.521e-13 4.593e-09 1.475e-06 6.733e-05 7.970e-04 3.709e-03 9.046e-03 1.412e-02 1.617e-02 1.496e-02 1.194e-02 8.600e-03 5.772e-03 3.689e-03 2.279e-03 1.376e-03 8.175e-04 4.843e-04 4.561e-04 4.561e-04 4.561e-04 4.561e-04 4.561e-04 4.561e-04 4.561e-04 4.561e-04
5.700e-01 3.368e-57 1.777e-39 2.719e-27 6.145e-19 3.110e-13 2.312e-09 9.273e-07 4.936e-05 6.498e-04 3.255e-03 8.354e-03 1.350e-02 1.585e-02 1.491e-02 1.204e-02 8.743e-03 5.901e-03 3.786e-03 2.345e-03 1.418e-03 8.438e-04 5.003e-04 4.712e-04 4.712e-04 4.712e-04 4.712e-04 4.712e-04 4.712e-04 4.712e-04 4.712e-04
5.800e-01 3.402e-59 7.479e-41 3.071e-28 1.373e-19 1.115e-13 1.149e-09 5.777e-07 3.595e-05 5.274e-04 2.847e-03 7.694e-03 1.289e-02 1.551e-02 1.485e-02 1.213e-02 8.880e-03 6.027e-03 3.882e-03 2.411e-03 1.461e-03 8.704e-04 5.165e-04 4.865e-04 4.865e-04 4.865e-04 4.865e-04 4.865e-04 4.865e-04 4.865e-04 4.865e-04
5.900e-01 3.182e-61 2.983e-42 3.341e-29 2.991e-20 3.924e-14 5.638e-10 3.567e-07 2.602e-05 4.260e-04 2.481e-03 7.069e-03 1.228e-02 1.516e-02 1.476e-02 1.220e-02 9.010e-03 6.151e-03 3.978e-03 2.478e-03 1.504e-03 8.972e-04 5.329e-04 5.020e-04 5.020e-04 5.020e-04 5.020e-04 5.020e-04 5.020e-04 5.020e-04 5.020e-04
6.000e-01 2.756e-63 1.128e-43 3.502e-30 6.349e-21 1.357e-14 2.732e-10 2.183e-07 1.871e-05 3.426e-04 2.156e-03 6.479e-03 1.168e-02 1.479e-02 1.466e-02 1.227e-02 9.135e-03 6.273e-03 4.073e-03 2.544e-03 1.547e-03 9.243e-04 5.495e-04 5.177e-04 5.177e-04 5.177e-04 5.177e-04 5.177e-04 5.177e-04 5.177e-04 5.177e-04
6.100e-01 2.210e-65 4.045e-45 3.538e-31 1.313e-21 4.607e-15 1.307e-10 1.324e-07 1.337e-05 2.743e-04 1.867e-03 5.923e-03 1.109e-02 1.441e-02 1.454e-02 1.232e-02 9.254e-03 6.393e-03 4.168e-03 2.611e-03 1.591e-03 9.517e-04 5.663e-04 5.336e-04 5.336e-04 5.336e-04 5.336e-04 5.336e-04 5.336e-04 5.336e-04 5.336e-04
6.200e-01 1.641e-67 1.375e-46 3.445e-32 2.647e-22 1.536e-15 6.174e-11 7.958e-08 9.498e-06 2.186e-04 1.611e-03 5.402e-03 1.051e-02 1.402e-02 1.441e-02 1.236e-02 9.367e-03 6.510e-03 4.262e-03 2.677e-03 1.635e-03 9.793e-04 5.833e-04 5.496e-04 5.496e-04 5.496e-04 5.496e-04 5.496e-04 5.496e-04 5.496e-04 5.496e-04
6.300e-01 1.129e-69 4.432e-48 3.232e-33 5.201e-23 5.032e-16 2.880e-11 4.742e-08 6.703e-06 1.734e-04 1.386e-03 4.915e-03 9.936e-03 1.362e-02 1.426e-02 1.239e-02 9.473e-03 6.624e-03 4.355e-03 2.744e-03 1.679e-03 1.007e-03 6.005e-04 5.659e-04 5.659e-04 5.659e-04 5.659e-04 5.659e-04 5.659e-04 5.659e-04 5.659e-04
6.400e-01 7.193e-72 1.355e-49 2.922e-34 9.958e-24 1.619e-16 1.327e-11 2.800e-08 4.701e-06 1.370e-04 1.188e-03 4.461e-03 9.380e-03 1.321e-02 1.409e-02 1.241e-02 9.573e-03 6.736e-03 4.448e-03 2.811e-03 1.723e-03 1.035e-03 6.179e-04 5.823e-04 5.823e-04 5.823e-04 5.823e-04 5.823e-04 5.823e-04 5.823e-04 5.823e-04
6.500e-01 4.245e-74 3.926e-51 2.546e-35 1.858e-24 5.117e-17 6.038e-12 1.639e-08 3.276e-06 1.077e-04 1.016e-03 4.040e-03 8.840e-03 1.280e-02 1.392e-02 1.242e-02 9.667e-03 6.845e-03 4.540e-03 2.878e-03 1.768e-03 1.064e-03 6.354e-04 5.989e-04 5.989e-04 5.989e-04 5.989e-04 5.989e-04 5.989e-04 5.989e-04 5.989e-04
6.600e-01 2.321e-76 1.079e-52 2.139e-36 3.380e-25 1.589e-17 2.713e-12 9.514e-09 2.269e-06 8.430e-05 8.654e-04 3.649e-03 8.315e-03 1.238e-02 1.373e-02 1.242e-02 9.754e-03 6.951e-03 4.631e-03 2.944e-03 1.813e-03 1.092e-03 6.531e-04 6.156e-04 6.156e-04 6.156e-04 6.156e-04 6.156e-04 6.156e-04 6.156e-04 6.156e-04
6.700e-01 1.176e-78 2.813e-54 1.732e-37 5.994e-26 4.845e-18 1.204e-12 5.473e-09 1.562e-06 6.570e-05 7.349e-04 3.289e-03 7.808e-03 1.196e-02 1.352e-02 1.240e-02 9.834e-03 7.054e-03 4.720e-03 3.011e-03 1.857e-03 1.121e-03 6.710e-04 6.325e-04 6.325e-04 6.325e-04 6.325e-04 6.325e-04 6.325e-04 6.325e-04 6.325e-04
6.800e-01 5.517e-81 6.954e-56 1.351e-38 1.036e-26 1.451e-18 5.277e-13 3.121e-09 1.068e-06 5.098e-05 6.221e-04 2.957e-03 7.320e-03 1.154e-02 1.331e-02 1.237e-02 9.908e-03 7.154e-03 4.809e-03 3.077e-03 1.903e-03 1.150e-03 6.890e-04 6.496e-04 6.496e-04 6.496e-04 6.496e-04 6.496e-04 6.496e-04 6.496e-04 6.496e-04
6.900e-01 2.399e-83 1.631e-57 1.017e-39 1.745e-27 4.271e-19 2.284e-13 1.764e-09 7.264e-07 3.938e-05 5.250e-04 2.652e-03 6.849e-03 1.112e-02 1.309e-02 1.234e-02 9.975e-03 7.251e-03 4.897e-03 3.143e-03 1.948e-03 1.179e-03 7.072e-04 6.668e-04 6.668e-04 6.668e-04 6.668e-04 6.668e-04 6.668e-04 6.668e-04 6.668e-04
7.000e-01 9.666e-86 3.627e-59 7.371e-41 2.866e-28 1.235e-19 9.765e-14 9.885e-10 4.909e-07 3.029e-05 4.416e-04 2.374e-03 6.398e-03 1.070e-02 1.286e-02 1.229e-02 1.004e-02 7.344e-03 4.983e-03 3.209e-03 1.993e-03 1.208e-03 7.256e-04 6.842e-04 6.842e-04 6.842e-04 6.842e-04 6.842e-04 6.842e-04 6.842e-04 6.842e-04
7.100e-01 3.609e-88 7.653e-61 5.153e-42 4.589e-29 3.507e-20 4.123e-14 5.491e-10 3.296e-07 2.319e-05 3.703e-04 2.120e-03 5.967e-03 1.028e-02 1.261e-02 1.224e-02 1.009e-02 7.435e-03 5.069e-03 3.275e-03 2.039e-03 1.238e-03 7.441e-04 7.018e-04 7.018e-04 7.018e-04 7.018e-04 7.018e-04 7.018e-04 7.018e-04 7.018e-04
7.200e-01 1.249e-90 1.532e-62 3.473e-43 7.163e-30 9.786e-21 1.720e-14 3.024e-10 2.200e-07 1.768e-05 3.096e-04 1.888e-03 5.555e-03 9.867e-03 1.236e-02 1.217e-02 1.014e-02 7.522e-03 5.153e-03 3.340e-03 2.084e-03 1.267e-03 7.628e-04 7.195e-04 7.195e-04 7.195e-04 7.195e-04 7.195e-04 7.195e-04 7.195e-04 7.195e-04
7.300e-01 4.006e-93 2.909e-64 2.257e-44 1.090e-30 2.683e-21 7.083e-15 1.651e-10 1.460e-07 1.342e-05 2.580e-04 1.678e-03 5.163e-03 9.458e-03 1.211e-02 1.209e-02 1.018e-02 7.605e-03 5.236e-03 3.405e-03 2.130e-03 1.297e-03 7.817e-04 7.373e-04 7.373e-04 7.373e-04 7.373e-04 7.373e-04 7.373e-04 7.373e-04 7.373e-04
7.400e-01 1.191e-95 5.240e-66 1.414e-45 1.617e-31 7.226e-22 2.882e-15 8.936e-11 9.625e-08 1.015e-05 2.143e-04 1.488e-03 4.790e-03 9.054e-03 1.184e-02 1.201e-02 1.021e-02 7.685e-03 5.317e-03 3.470e-03 2.175e-03 1.327e-03 8.006e-04 7.553e-04 7.553e-04 7.553e-04 7.553e-04 7.553e-04 7.553e-04 7.553e-04 7.553e-04
7.500e-01 3.281e-98 8.955e-68 8.539e-47 2.339e-32 1.912e-22 1.158e-15 4.795e-11 6.308e-08 7.636e-06 1.775e-04 1.317e-03 4.437e-03 8.656e-03 1.157e-02 1.192e-02 1.024e-02 7.762e-03 5.397e-03 3.535e-03 2.221e-03 1.357e-03 8.197e-04 7.734e-04 7.734e-04 7.734e-04 7.734e-04 7.734e-04 7.734e-04 7.734e-04 7.734e-04
7.600e-01 8.381e-101 1.452e-69 4.973e-48 3.299e-33 4.972e-23 4.599e-16 2.551e-11 4.109e-08 5.723e-06 1.465e-04 1.163e-03 4.103e-03 8.266e-03 1.130e-02 1.181e-02 1.026e-02 7.834e-03 5.475e-03 3.599e-03 2.267e-03 1.388e-03 8.390e-04 7.917e-04 7.917e-04 7.917e-04 7.917e-04 7.917e-04 7.917e-04 7.917e-04 7.917e-04
7.700e-01 1.984e-103 2.234e-71 2.792e-49 4.536e-34 1.270e-23 1.803e-16 1.346e-11 2.661e-08 4.270e-06 1.206e-04 1.024e-03 3.788e-03 7.883e-03 1.102e-02 1.170e-02 1.027e-02 7.904e-03 5.552e-03 3.662e-03 2.312e-03 1.418e-03 8.584e-04 8.101e-04 8.101e-04 8.101e-04 8.101e-04 8.101e-04 8.101e-04 8.101e-04 8.101e-04
7.800e-01 4.356e-106 3.262e-73 1.512e-50 6.081e-35 3.189e-24 6.985e-17 7.036e-12 1.712e-08 3.172e-06 9.897e-05 9.003e-04 3.492e-03 7.509e-03 1.074e-02 1.158e-02 1.028e-02 7.969e-03 5.627e-03 3.725e-03 2.358e-03 1.449e-03 8.779e-04 8.286e-04 8.286e-04 8.286e-04 8.286e-04 8.286e-04 8.286e-04 8.286e-04 8.286e-04
7.900e-01 8.867e-109 4.520e-75 7.895e-52 7.950e-36 7.865e-25 2.673e-17 3.648e-12 1.095e-08 2.347e-06 8.096e-05 7.895e-04 3.213e-03 7.144e-03 1.046e-02 1.146e-02 1.028e-02 8.031e-03 5.701e-03 3.788e-03 2.404e-03 1.479e-03 8.976e-04 8.472e-04 8.472e-04 8.472e-04 8.472e-04 8.472e-04 8.472e-04 8.472e-04 8.472e-04
8.000e-01 1.673e-111 5.943e-77 3.975e-53 1.013e-36 1.906e-25 1.010e-17 1.875e-12 6.966e-09 1.729e-06 6.603e-05 6.909e-04 2.952e-03 6.788e-03 1.017e-02 1.133e-02 1.028e-02 8.089e-03 5.773e-03 3.850e-03 2.449e-03 1.510e-03 9.173e-04 8.660e-04 8.660e-04 8.660e-04 8.660e-04 8.660e-04 8.660e-04 8.660e-04 8.660e-04
8.100e-01 2.928e-114 7.415e-79 1.930e-54 1.260e-37 4.539e-26 3.773e-18 9.558e-13 4.403e-09 1.268e-06 5.369e-05 6.033e-04 2.708e-03 6.443e-03 9.882e-03 1.119e-02 1.026e-02 8.144e-03 5.844e-03 3.911e-03 2.495e-03 1.541e-03 9.372e-04 8.848e-04 8.848e-04 8.848e-04 8.848e-04 8.848e-04 8.848e-04 8.848e-04 8.848e-04
8.200e-01 4.752e-117 8.780e-81 9.038e-56 1.527e-38 1.062e-26 1.392e-18 4.830e-13 2.766e-09 9.264e-07 4.353e-05 5.256e-04 2.480e-03 6.107e-03 9.594e-03 1.104e-02 1.025e-02 8.195e-03 5.912e-03 3.972e-03 2.540e-03 1.572e-03 9.572e-04 9.038e-04 9.038e-04 9.038e-04 9.038e-04 9.038e-04 9.038e-04 9.038e-04 9.038e-04
8.300e-01 7.150e-120 9.867e-83 4.082e-57 1.804e-39 2.443e-27 5.071e-19 2.420e-13 1.728e-09 6.738e-07 3.518e-05 4.569e-04 2.267e-03 5.782e-03 9.305e-03 1.089e-02 1.022e-02 8.241e-03 5.979e-03 4.032e-03 2.586e-03 1.603e-03 9.773e-04 9.229e-04 9.229e-04 9.229e-04 9.229e-04 9.229e-04 9.229e-04 9.229e-04 9.229e-04
8.400e-01 9.978e-123 1.053e-84 1.778e-58 2.080e-40 5.519e-28 1.826e-19 1.202e-13 1.073e-09 4.881e-07 2.835e-05 3.964e-04 2.070e-03 5.468e-03 9.017e-03 1.073e-02 1.019e-02 8.285e-03 6.044e-03 4.092e-03 2.631e-03 1.634e-03 9.976e-04 9.422e-04 9.422e-04 9.422e-04 9.422e-04 9.422e-04 9.422e-04 9.422e-04 9.422e-04
8.500e-01 1.292e-125 1.066e-86 7.467e-60 2.338e-41 1.226e-28 6.493e-20 5.923e-14 6.620e-10 3.520e-07 2.277e-05 3.431e-04 1.887e-03 5.165e-03 8.730e-03 1.057e-02 1.016e-02 8.324e-03 6.107e-03 4.151e-03 2.676e-03 1.665e-03 1.018e-03 9.615e-04 9.615e-04 9.615e-04 9.615e-04 9.615e-04 9.615e-04 9.615e-04 9.615e-04
8.600e-01 1.550e-128 1.024e-88 3.025e-61 2.562e-42 2.675e-29 2.281e-20 2.893e-14 4.061e-10 2.528e-07 1.824e-05 2.964e-04 1.717e-03 4.873e-03 8.445e-03 1.040e-02 1.012e-02 8.359e-03 6.168e-03 4.209e-03 2.721e-03 1.696e-03 1.038e-03 9.809e-04 9.809e-04 9.809e-04 9.809e-04 9.809e-04 9.809e-04 9.809e-04 9.809e-04
8.700e-01 1.726e-131 9.341e-91 1.182e-62 2.739e-43 5.736e-30 7.918e-21 1.401e-14 2.477e-10 1.808e-07 1.457e-05 2.554e-04 1.560e-03 4.592e-03 8.162e-03 1.023e-02 1.007e-02 8.391e-03 6.228e-03 4.267e-03 2.766e-03 1.727e-03 1.059e-03 1.000e-03 1.000e-03 1.000e-03 1.000e-03 1.000e-03 1.000e-03 1.000e-03 1.000e-03
8.800e-01 1.783e-134 8.088e-93 4.456e-64 2.856e-44 1.209e-30 2.715e-21 6.730e-15 1.501e-10 1.288e-07 1.160e-05 2.197e-04 1.415e-03 4.323e-03 7.881e-03 1.005e-02 1.002e-02 8.419e-03 6.285e-03 4.323e-03 2.811e-03 1.759e-03 1.079e-03 1.020e-03 1.020e-03 1.020e-03 1.020e-03 1.020e-03 1.020e-03 1.020e-03 1.020e-03
8.900e-01 1.708e-137 6.648e-95 1.620e-65 2.904e-45 2.504e-31 9.199e-22 3.205e-15 9.048e-11 9.135e-08 9.208e-06 1.885e-04 1.282e-03 4.064e-03 7.603e-03 9.875e-03 9.964e-03 8.443e-03 6.340e-03 4.379e-03 2.855e-03 1.790e-03 1.100e-03 1.040e-03 1.040e-03 1.040e-03 1.040e-03 1.040e-03 1.040e-03 1.040e-03 1.040e-03
9.000e-01 1.518e-140 5.188e-97 5.681e-67 2.880e-46 5.096e-32 3.079e-22 1.513e-15 5.421e-11 6.452e-08 7.288e-06 1.615e-04 1.159e-03 3.817e-03 7.329e-03 9.692e-03 9.903e-03 8.464e-03 6.394e-03 4.435e-03 2.899e-03 1.821e-03 1.121e-03 1.059e-03 1.059e-03 1.059e-03 1.059e-03 1.059e-03 1.059e-03 1.059e-03 1.059e-03
9.100e-01 1.252e-143 3.843e-99 1.922e-68 2.785e-47 1.019e-32 1.018e-22 7.085e-16 3.228e-11 4.538e-08 5.752e-06 1.380e-04 1.047e-03 3.580e-03 7.059e-03 9.507e-03 9.836e-03 8.480e-03 6.445e-03 4.489e-03 2.943e-03 1.853e-03 1.142e-03 1.079e-03 1.079e-03 1.079e-03 1.079e-03 1.079e-03 1.079e-03 1.079e-03 1.079e-03
9.200e-01 9.578e-147 2.703e-101 6.270e-70 2.627e-48 2.004e-33 3.327e-23 3.290e-16 1.911e-11 3.179e-08 4.526e-06 1.177e-04 9.437e-04 3.355e-03 6.792e-03 9.318e-03 9.765e-03 8.493e-03 6.494e-03 4.542e-03 2.987e-03 1.884e-03 1.163e-03 1.099e-03 1.099e-03 1.099e-03 1.099e-03 1.099e-03 1.099e-03 1.099e-03 1.099e-03
9.300e-01 6.798e-150 1.805e-103 1.974e-71 2.417e-49 3.872e-34 1.074e-23 1.515e-16 1.125e-11 2.217e-08 3.551e-06 1.001e-04 8.496e-04 3.140e-03 6.531e-03 9.127e-03 9.689e-03 8.503e-03 6.542e-03 4.595e-03 3.031e-03 1.915e-03 1.184e-03 1.119e-03 1.119e-03 1.119e-03 1.119e-03 1.119e-03 1.119e-03 1.119e-03 1.119e-03
9.400e-01 4.477e-153 1.144e-105 5.994e-73 2.169e-50 7.354e-35 3.426e-24 6.915e-17 6.583e-12 1.540e-08 2.778e-06 8.504e-05 7.636e-04 2.935e-03 6.274e-03 8.934e-03 9.608e-03 8.508e-03 6.587e-03 4.647e-03 3.074e-03 1.947e-03 1.205e-03 1.139e-03 1.139e-03 1.139e-03 1.139e-03 1.139e-03 1.139e-03 1.139e-03 1.139e-03
9.500e-01 2.736e-156 6.887e-108 1.756e-74 1.899e-51 1.373e-35 1.080e-24 3.131e-17 3.829e-12 1.066e-08 2.166e-06 7.207e-05 6.854e-04 2.741e-03 6.022e-03 8.740e-03 9.524e-03 8.510e-03 6.630e-03 4.698e-03 3.117e-03 1.978e-03 1.226e-03 1.160e-03 1.160e-03 1.160e-03 1.160e-03 1.160e-03 1.160e-03 1.160e-03 1.160e-03
9.600e-01 1.551e-159 3.937e-110 4.962e-76 1.621e-52 2.518e-36 3.361e-25 1.406e-17 2.214e-12 7.343e-09 1.685e-06 6.095e-05 6.142e-04 2.557e-03 5.775e-03 8.545e-03 9.435e-03 8.509e-03 6.671e-03 4.747e-03 3.160e-03 2.009e-03 1.247e-03 1.180e-03 1.180e-03 1.180e-03 1.180e-03 1.180e-03 1.180e-03 1.180e-03 1.180e-03
9.700e-01 8.162e-163 2.136e-112 1.353e-77 1.350e-53 4.540e-37 1.034e-25 6.258e-18 1.273e-12 5.038e-09 1.307e-06 5.143e-05 5.496e-04 2.382e-03 5.534e-03 8.348e-03 9.342e-03 8.504e-03 6.710e-03 4.796e-03 3.202e-03 2.041e-03 1.269e-03 1.200e-03 1.200e-03 1.200e-03 1.200e-03 1.200e-03 1.200e-03 1.200e-03 1.200e-03
9.800e-01 3.986e-166 1.101e-114 3.559e-79 1.097e-54 8.045e-38 3.143e-26 2.763e-18 7.276e-13 3.443e-09 1.010e-06 4.331e-05 4.910e-04 2.217e-03 5.298e-03 8.151e-03 9.246e-03 8.495e-03 6.747e-03 4.844e-03 3.244e-03 2.072e-03 1.290e-03 1.220e-03 1.220e-03 1.220e-03 1.220e-03 1.220e-03 1.220e-03 1.220e-03 1.220e-03
9.900e-01 1.806e-169 5.388e-117 9.033e-81 8.693e-56 1.401e-38 9.441e-27 1.210e-18 4.135e-13 2.343e-09 7.788e-07 3.640e-05 4.380e-04 2.062e-03 5.069e-03 7.953e-03 9.146e-03 8.483e-03 6.781e-03 4.891e-03 3.286e-03 2.103e-03 1.311e-03 1.241e-03 1.241e-03 1.241e-03 1.241e-03 1.241e-03 1.241e-03 1.241e-03 1.241e-03
1.000e+00 7.597e-173 2.504e-119 2.212e-82 6.719e-57 2.399e-39 2.802e-27 5.252e-19 2.336e-13 1.588e-09 5.987e-07 3.053e-05 3.902e-04 1.915e-03 4.845e-03 7.755e-03 9.042e-03 8.468e-03 6.814e-03 4.937e-03 3.327e-03 2.134e-03 1.333e-03 1.261e-03 1.261e-03 1.261e-03 1.261e-03 1.261e-03 1.261e-03 1.261e-03 1.261e-03
1.010e+00 2.965e-176 1.105e-121 5.225e-84 5.067e-58 4.038e-40 8.216e-28 2.261e-19 1.312e-13 1.072e-09 4.589e-07 2.555e-05 3.471e-04 1.776e-03 4.628e-03 7.558e-03 8.936e-03 8.449e-03 6.844e-03 4.982e-03 3.368e-03 2.165e-03 1.354e-03 1.282e-03 1.282e-03 1.282e-03 1.282e-03 1.282e-03 1.282e-03 1.282e-03 1.282e-03
1.020e+00 1.074e-179 4.632e-124 1.191e-85 3.727e-59 6.679e-41 2.381e-28 9.656e-20 7.325e-14 7.204e-10 3.507e-07 2.134e-05 3.082e-04 1.646e-03 4.416e-03 7.361e-03 8.826e-03 8.427e-03 6.872e-03 5.026e-03 3.409e-03 2.196e-03 1.376e-03 1.302e-03 1.302e-03 1.302e-03 1.302e-03 1.302e-03 1.302e-03 1.302e-03 1.302e-03
1.030e+00 3.613e-183 1.844e-126 2.620e-87 2.674e-60 1.086e-41 6.816e-29 4.089e-20 4.066e-14 4.823e-10 2.673e-07 1.779e-05 2.734e-04 1.524e-03 4.211e-03 7.165e-03 8.714e-03 8.401e-03 6.898e-03 5.069e-03 3.449e-03 2.227e-03 1.397e-03 1.323e-03 1.323e-03 1.323e-03 1.323e-03 1.323e-03 1.323e-03 1.323e-03 1.323e-03
1.040e+00 1.128e-186 6.970e-129 5.560e-89 1.872e-61 1.735e-42 1.928e-29 1.717e-20 2.244e-14 3.216e-10 2.031e-07 1.480e-05 2.421e-04 1.409e-03 4.013e-03 6.969e-03 8.598e-03 8.373e-03 6.922e-03 5.110e-03 3.489e-03 2.258e-03 1.419e-03 1.344e-03 1.344e-03 1.344e-03 1.344e-03 1.344e-03 1.344e-03 1.344e-03 1.344e-03
1.050e+00 3.269e-190 2.503e-131 1.139e-90 1.278e-62 2.726e-43 5.390e-30 7.152e-21 1.231e-14 2.135e-10 1.539e-07 1.228e-05 2.140e-04 1.302e-03 3.820e-03 6.775e-03 8.481e-03 8.341e-03 6.944e-03 5.151e-03 3.528e-03 2.289e-03 1.440e-03 1.364e-03 1.364e-03 1.364e-03 1.364e-03 1.364e-03 1.364e-03 1.364e-03 1.364e-03
1.060e+00 8.793e-194 8.534e-134 2.250e-92 8.516e-64 4.210e-44 1.489e-30 2.954e-21 6.718e-15 1.412e-10 1.163e-07 1.018e-05 1.890e-04 1.201e-03 3.634e-03 6.583e-03 8.361e-03 8.307e-03 6.964e-03 5.191e-03 3.567e-03 2.319e-03 1.462e-03 1.385e-03 1.385e-03 1.385e-03 1.385e-03 1.385e-03 1.385e-03 1.385e-03 1.385e-03
1.070e+00 2.196e-197 2.764e-136 4.290e-94 5.535e-65 6.391e-45 4.064e-31 1.210e-21 3.644e-15 9.302e-11 8.759e-08 8.414e-06 1.666e-04 1.107e-03 3.454e-03 6.392e-03 8.238e-03 8.269e-03 6.981e-03 5.229e-03 3.606e-03 2.350e-03 1.484e-03 1.406e-03 1.406e-03 1.406e-03 1.406e-03 1.406e-03 1.406e-03 1.406e-03 1.406e-03
1.080e+00 5.091e-201 8.505e-139 7.894e-96 3.509e-66 9.536e-46 1.096e-31 4.915e-22 1.965e-15 6.102e-11 6.580e-08 6.942e-06 1.467e-04 1.019e-03 3.281e-03 6.203e-03 8.114e-03 8.228e-03 6.996e-03 5.266e-03 3.644e-03 2.380e-03 1.505e-03 1.426e-03 1.426e-03 1.426e-03 1.426e-03 1.426e-03 1.426e-03 1.426e-03 1.426e-03
1.090e+00 1.096e-204 2.486e-141 1.402e-97 2.171e-67 1.399e-46 2.922e-32 1.980e-22 1.053e-15 3.987e-11 4.929e-08 5.716e-06 1.290e-04 9.375e-04 3.114e-03 6.015e-03 7.988e-03 8.185e-03 7.010e-03 5.303e-03 3.681e-03 2.410e-03 1.527e-03 1.447e-03 1.447e-03 1.447e-03 1.447e-03 1.447e-03 1.447e-03 1.447e-03 1.447e-03
1.100e+00 2.190e-208 6.900e-144 2.402e-99 1.310e-68 2.017e-47 7.695e-33 7.912e-23 5.616e-16 2.594e-11 3.682e-08 4.697e-06 1.132e-04 8.614e-04 2.953e-03 5.831e-03 7.861e-03 8.139e-03 7.021e-03 5.338e-03 3.719e-03 2.441e-03 1.549e-03 1.468e-03 1.468e-03 1.468e-03 1.468e-03 1.468e-03 1.468e-03 1.468e-03 1.468e-03
1.110e+00 4.064e-212 1.819e-146 3.972e-101 7.714e-70 2.859e-48 2.003e-33 3.135e-23 2.976e-16 1.681e-11 2.742e-08 3.852e-06 9.922e-05 7.906e-04 2.798e-03 5.648e-03 7.731e-03 8.090e-03 7.030e-03 5.371e-03 3.755e-03 2.471e-03 1.570e-03 1.489e-03 1.489e-03 1.489e-03 1.489e-03 1.489e-03 1.489e-03 1.489e-03 1.489e-03
1.120e+00 7.002e-216 4.558e-149 6.338e-103 4.432e-71 3.983e-49 5.151e-34 1.232e-23 1.568e-16 1.085e-11 2.037e-08 3.153e-06 8.685e-05 7.249e-04 2.649e-03 5.468e-03 7.601e-03 8.039e-03 7.037e-03 5.404e-03 3.791e-03 2.501e-03 1.592e-03 1.509e-03 1.509e-03 1.509e-03 1.509e-03 1.509e-03 1.509e-03 1.509e-03 1.509e-03
1.130e+00 1.120e-219 1.085e-151 9.761e-105 2.484e-72 5.456e-50 1.309e-34 4.802e-24 8.217e-17 6.976e-12 1.508e-08 2.575e-06 7.591e-05 6.640e-04 2.507e-03 5.291e-03 7.469e-03 7.985e-03 7.041e-03 5.436e-03 3.827e-03 2.530e-03 1.614e-03 1.530e-03 1.530e-03 1.530e-03 1.530e-03 1.530e-03 1.530e-03 1.530e-03 1.530e-03
1.140e+00 1.664e-223 2.452e-154 1.451e-106 1.358e-73 7.347e-51 3.288e-35 1.856e-24 4.280e-17 4.467e-12 1.114e-08 2.099e-06 6.625e-05 6.076e-04 2.370e-03 5.116e-03 7.337e-03 7.928e-03 7.044e-03 5.466e-03 3.862e-03 2.560e-03 1.635e-03 1.551e-03 1.551e-03 1.551e-03 1.551e-03 1.551e-03 1.551e-03 1.551e-03 1.551e-03
1.150e+00 2.296e-227 5.266e-157 2.081e-108 7.247e-75 9.726e-52 8.161e-36 7.117e-25 2.217e-17 2.848e-12 8.204e-09 1.708e-06 5.774e-05 5.553e-04 2.239e-03 4.944e-03 7.203e-03 7.869e-03 7.045e-03 5.495e-03 3.897e-03 2.589e-03 1.657e-03 1.572e-03 1.572e-03 1.572e-03 1.572e-03 1.572e-03 1.572e-03 1.572e-03 1.572e-03
1.160e+00 2.941e-231 1.074e-159 2.881e-110 3.773e-76 1.266e-52 2.002e-36 2.706e-25 1.142e-17 1.809e-12 6.024e-09 1.386e-06 5.025e-05 5.071e-04 2.113e-03 4.776e-03 7.069e-03 7.808e-03 7.043e-03 5.523e-03 3.931e-03 2.619e-03 1.678e-03 1.593e-03 1.593e-03 1.593e-03 1.593e-03 1.593e-03 1.593e-03 1.593e-03 1.593e-03
1.170e+00 3.499e-235 2.083e-162 3.850e-112 1.916e-77 1.619e-53 4.852e-37 1.021e-25 5.845e-18 1.145e-12 4.412e-09 1.123e-06 4.367e-05 4.625e-04 1.993e-03 4.610e-03 6.935e-03 7.745e-03 7.040e-03 5.550e-03 3.965e-03 2.648e-03 1.700e-03 1.613e-03 1.613e-03 1.613e-03 1.613e-03 1.613e-03 1.613e-03 1.613e-03 1.613e-03
1.180e+00 3.866e-239 3.836e-165 4.965e-114 9.498e-79 2.037e-54 1.162e-37 3.817e-26 2.975e-18 7.211e-13 3.221e-09 9.084e-07 3.789e-05 4.215e-04 1.879e-03 4.448e-03 6.799e-03 7.679e-03 7.035e-03 5.575e-03 3.998e-03 2.677e-03 1.722e-03 1.634e-03 1.634e-03 1.634e-03 1.634e-03 1.634e-03 1.634e-03 1.634e-03 1.634e-03
1.190e+00 3.968e-243 6.713e-168 6.180e-116 4.593e-80 2.518e-55 2.751e-38 1.416e-26 1.506e-18 4.525e-13 2.346e-09 7.331e-07 3.284e-05 3.837e-04 1.769e-03 4.289e-03 6.664e-03 7.612e-03 7.027e-03 5.600e-03 4.030e-03 2.705e-03 1.743e-03 1.655e-03 1.655e-03 1.655e-03 1.655e-03 1.655e-03 1.655e-03 1.655e-03 1.655e-03
1.200e+00 3.782e-247 1.116e-170 7.424e-118 2.167e-81 3.062e-56 6.436e-39 5.210e-27 7.580e-19 2.829e-13 1.703e-09 5.905e-07 2.842e-05 3.489e-04 1.665e-03 4.133e-03 6.529e-03 7.542e-03 7.018e-03 5.623e-03 4.062e-03 2.734e-03 1.765e-03 1.676e-03 1.676e-03 1.676e-03 1.676e-03 1.676e-03 1.676e-03 1.676e-03 1.676e-03
1.210e+00 3.348e-251 1.763e-173 8.609e-120 9.980e-83 3.659e-57 1.488e-39 1.901e-27 3.793e-19 1.761e-13 1.233e-09 4.747e-07 2.455e-05 3.169e-04 1.566e-03 3.981e-03 6.393e-03 7.471e-03 7.007e-03 5.645e-03 4.093e-03 2.762e-03 1.786e-03 1.696e-03 1.696e-03 1.696e-03 1.696e-03 1.696e-03 1.696e-03 1.696e-03 1.696e-03
1.220e+00 2.753e-255 2.646e-176 9.636e-122 4.484e-84 4.299e-58 3.400e-40 6.882e-28 1.887e-19 1.092e-13 8.905e-10 3.808e-07 2.119e-05 2.876e-04 1.471e-03 3.832e-03 6.258e-03 7.398e-03 6.994e-03 5.665e-03 4.124e-03 2.790e-03 1.808e-03 1.717e-03 1.717e-03 1.717e-03 1.717e-03 1.717e-03 1.717e-03 1.717e-03 1.717e-03
1.230e+00 2.103e-259 3.775e-179 1.041e-123 1.966e-85 4.966e-59 7.677e-41 2.470e-28 9.336e-20 6.744e-14 6.412e-10 3.049e-07 1.826e-05 2.608e-04 1.382e-03 3.687e-03 6.123e-03 7.323e-03 6.979e-03 5.685e-03 4.154e-03 2.818e-03 1.829e-03 1.738e-03 1.738e-03 1.738e-03 1.738e-03 1.738e-03 1.738e-03 1.738e-03 1.738e-03
1.240e+00 1.492e-263 5.116e-182 1.086e-125 8.409e-87 5.641e-60 1.713e-41 8.796e-29 4.593e-20 4.148e-14 4.604e-10 2.436e-07 1.571e-05 2.362e-04 1.296e-03 3.546e-03 5.988e-03 7.246e-03 6.962e-03 5.703e-03 4.184e-03 2.846e-03 1.851e-03 1.758e-03 1.758e-03 1.758e-03 1.758e-03 1.758e-03 1.758e-03 1.758e-03 1.758e-03
1.250e+00 9.832e-268 6.588e-185 1.093e-127 3.510e-88 6.298e-61 3.778e-42 3.106e-29 2.246e-20 2.542e-14 3.296e-10 1.943e-07 1.350e-05 2.137e-04 1.216e-03 3.408e-03 5.854e-03 7.168e-03 6.944e-03 5.720e-03 4.212e-03 2.873e-03 1.872e-03 1.779e-03 1.779e-03 1.779e-03 1.779e-03 1.779e-03 1.779e-03 1.779e-03 1.779e-03
1.260e+00 6.020e-272 8.063e-188 1.062e-129 1.430e-89 6.914e-62 8.235e-43 1.088e-29 1.092e-20 1.551e-14 2.354e-10 1.547e-07 1.158e-05 1.931e-04 1.139e-03 3.273e-03 5.721e-03 7.088e-03 6.923e-03 5.736e-03 4.241e-03 2.900e-03 1.893e-03 1.799e-03 1.799e-03 1.799e-03 1.799e-03 1.799e-03 1.799e-03 1.799e-03 1.799e-03
1.270e+00 3.424e-276 9.377e-191 9.960e-132 5.684e-91 7.463e-63 1.774e-43 3.780e-30 5.282e-21 9.428e-15 1.676e-10 1.229e-07 9.925e-06 1.744e-04 1.066e-03 3.142e-03 5.588e-03 7.007e-03 6.901e-03 5.750e-03 4.268e-03 2.927e-03 1.914e-03 1.820e-03 1.820e-03 1.820e-03 1.820e-03 1.820e-03 1.820e-03 1.820e-03 1.820e-03
1.280e+00 1.809e-280 1.036e-193 9.018e-134 2.205e-92 7.920e-64 3.776e-44 1.303e-30 2.540e-21 5.708e-15 1.190e-10 9.741e-08 8.493e-06 1.573e-04 9.976e-04 3.015e-03 5.456e-03 6.925e-03 6.877e-03 5.764e-03 4.296e-03 2.954e-03 1.936e-03 1.840e-03 1.840e-03 1.840e-03 1.840e-03 1.840e-03 1.840e-03 1.840e-03 1.840e-03
1.290e+00 8.881e-285 1.088e-196 7.883e-136 8.345e-94 8.264e-65 7.946e-45 4.452e-31 1.214e-21 3.442e-15 8.426e-11 7.708e-08 7.257e-06 1.417e-04 9.326e-04 2.891e-03 5.325e-03 6.842e-03 6.852e-03 5.776e-03 4.322e-03 2.980e-03 1.957e-03 1.861e-03 1.861e-03 1.861e-03 1.861e-03 1.861e-03 1.861e-03 1.861e-03 1.861e-03
1.300e+00 4.051e-289 1.086e-199 6.651e-138 3.083e-95 8.477e-66 1.652e-45 1.509e-31 5.772e-22 2.067e-15 5.950e-11 6.087e-08 6.192e-06 1.276e-04 8.712e-04 2.771e-03 5.195e-03 6.757e-03 6.825e-03 5.787e-03 4.348e-03 3.007e-03 1.978e-03 1.881e-03 1.881e-03 1.881e-03 1.881e-03 1.881e-03 1.881e-03 1.881e-03 1.881e-03
1.310e+00 1.716e-293 1.031e-202 5.418e-140 1.111e-96 8.551e-67 3.396e-46 5.075e-32 2.729e-22 1.237e-15 4.189e-11 4.798e-08 5.276e-06 1.147e-04 8.133e-04 2.654e-03 5.066e-03 6.671e-03 6.796e-03 5.797e-03 4.373e-03 3.033e-03 1.999e-03 1.901e-03 1.901e-03 1.901e-03 1.901e-03 1.901e-03 1.901e-03 1.901e-03 1.901e-03
1.320e+00 6.758e-298 9.291e-206 4.260e-142 3.910e-98 8.480e-68 6.897e-47 1.693e-32 1.282e-22 7.370e-16 2.942e-11 3.774e-08 4.490e-06 1.031e-04 7.587e-04 2.541e-03 4.938e-03 6.584e-03 6.766e-03 5.805e-03 4.397e-03 3.058e-03 2.020e-03 1.922e-03 1.922e-03 1.922e-03 1.922e-03 1.922e-03 1.922e-03 1.922e-03 1.922e-03
1.330e+00 2.472e-302 7.961e-209 3.234e-144 1.342e-99 8.269e-69 1.385e-47 5.599e-33 5.994e-23 4.374e-16 2.060e-11 2.963e-08 3.815e-06 9.253e-05 7.072e-04 2.432e-03 4.812e-03 6.497e-03 6.734e-03 5.812e-03 4.421e-03 3.084e-03 2.041e-03 1.942e-03 1.942e-03 1.942e-03 1.942e-03 1.942e-03 1.942e-03 1.942e-03 1.942e-03
1.340e+00 8.404e-307 6.483e-212 2.370e-146 4.497e-101 7.928e-70 2.747e-48 1.837e-33 2.785e-23 2.586e-16 1.439e-11 2.322e-08 3.237e-06 8.297e-05 6.588e-04 2.326e-03 4.687e-03 6.408e-03 6.700e-03 5.819e-03 4.444e-03 3.109e-03 2.061e-03 1.962e-03 1.962e-03 1.962e-03 1.962e-03 1.962e-03 1.962e-03 1.962e-03 1.962e-03
1.350e+00 2.654e-311 5.018e-215 1.677e-148 1.470e-102 7.473e-71 5.387e-49 5.980e-34 1.287e-23 1.523e-16 1.002e-11 1.816e-08 2.743e-06 7.432e-05 6.132e-04 2.223e-03 4.563e-03 6.319e-03 6.665e-03 5.824e-03 4.467e-03 3.134e-03 2.082e-03 1.982e-03 1.982e-03 1.982e-03 1.982e-03 1.982e-03 1.982e-03 1.982e-03 1.982e-03
1.360e+00 7.791e-316 3.691e-218 1.146e-150 4.692e-104 6.927e-72 1.044e-49 1.931e-34 5.914e-24 8.932e-17 6.957e-12 1.417e-08 2.321e-06 6.651e-05 5.704e-04 2.124e-03 4.441e-03 6.229e-03 6.629e-03 5.827e-03 4.489e-03 3.158e-03 2.103e-03 2.002e-03 2.002e-03 2.002e-03 2.002e-03 2.002e-03 2.002e-03 2.002e-03 2.002e-03
1.370e+00 2.078e-320 2.581e-221 7.554e-153 1.461e-105 6.313e-73 2.000e-50 6.182e-35 2.702e-24 5.219e-17 4.818e-12 1.104e-08 1.962e-06 5.946e-05 5.302e-04 2.028e-03 4.320e-03 6.138e-03 6.591e-03 5.830e-03 4.510e-03 3.183e-03 2.123e-03 2.022e-03 2.022e-03 2.022e-03 2.022e-03 2.022e-03 2.022e-03 2.022e-03 2.022e-03
1.380e+00 0.000e+00 1.716e-224 4.810e-155 4.442e-107 5.658e-74 3.786e-51 1.964e-35 1.227e-24 3.037e-17 3.328e-12 8.584e-09 1.656e-06 5.310e-05 4.925e-04 1.936e-03 4.201e-03 6.047e-03 6.552e-03 5.831e-03 4.531e-03 3.207e-03 2.143e-03 2.042e-03 2.042e-03 2.042e-03 2.042e-03 2.042e-03 2.042e-03 2.042e-03 2.042e-03
1.390e+00 0.000e+00 1.084e-227 2.957e-157 1.318e-108 4.985e-75 7.085e-52 6.186e-36 5.545e-25 1.760e-17 2.292e-12 6.661e-09 1.395e-06 4.738e-05 4.571e-04 1.846e-03 4.084e-03 5.956e-03 6.511e-03 5.832e-03 4.550e-03 3.230e-03 2.164e-03 2.061e-03 2.061e-03 2.061e-03 2.061e-03 2.061e-03 2.061e-03 2.061e-03 2.061e-03
1.400e+00 0.000e+00 6.508e-231 1.755e-159 3.814e-110 4.319e-76 1.310e-52 1.933e-36 2.491e-25 1.016e-17 1.574e-12 5.159e-09 1.174e-06 4.223e-05 4.240e-04 1.760e-03 3.968e-03 5.864e-03 6.469e-03 5.831e-03 4.570e-03 3.254e-03 2.184e-03 2.081e-03 2.081e-03 2.081e-03 2.081e-03 2.081e-03 2.081e-03 2.081e-03 2.081e-03
1.410e+00 0.000e+00 3.715e-234 1.006e-161 1.078e-111 3.680e-77 2.395e-53 5.993e-37 1.113e-25 5.845e-18 1.078e-12 3.988e-09 9.868e-07 3.761e-05 3.930e-04 1.677e-03 3.855e-03 5.772e-03 6.426e-03 5.829e-03 4.588e-03 3.277e-03 2.204e-03 2.101e-03 2.101e-03 2.101e-03 2.101e-03 2.101e-03 2.101e-03 2.101e-03 2.101e-03
1.420e+00 0.000e+00 2.016e-237 5.564e-164 2.972e-113 3.083e-78 4.328e-54 1.843e-37 4.942e-26 3.348e-18 7.365e-13 3.077e-09 8.282e-07 3.346e-05 3.640e-04 1.598e-03 3.743e-03 5.679e-03 6.382e-03 5.826e-03 4.606e-03 3.300e-03 2.224e-03 2.120e-03 2.120e-03 2.120e-03 2.120e-03 2.120e-03 2.120e-03 2.120e-03 2.120e-03
1.430e+00 0.000e+00 1.040e-240 2.972e-166 7.999e-115 2.539e-79 7.729e-55 5.620e-38 2.183e-26 1.911e-18 5.017e-13 2.369e-09 6.942e-07 2.974e-05 3.369e-04 1.521e-03 3.632e-03 5.587e-03 6.336e-03 5.821e-03 4.623e-03 3.322e-03 2.244e-03 2.140e-03 2.140e-03 2.140e-03 2.140e-03 2.140e-03 2.140e-03 2.140e-03 2.140e-03
1.440e+00 0.000e+00 5.098e-244 1.533e-168 2.101e-116 2.057e-80 1.364e-55 1.700e-38 9.586e-27 1.086e-18 3.408e-13 1.821e-09 5.810e-07 2.640e-05 3.116e-04 1.447e-03 3.524e-03 5.494e-03 6.290e-03 5.816e-03 4.639e-03 3.344e-03 2.264e-03 2.159e-03 2.159e-03 2.159e-03 2.159e-03 2.159e-03 2.159e-03 2.159e-03 2.159e-03
1.450e+00 0.000e+00 2.376e-247 7.636e-171 5.388e-118 1.638e-81 2.380e-56 5.102e-39 4.187e-27 6.148e-19 2.309e-13 1.397e-09 4.857e-07 2.342e-05 2.880e-04 1.376e-03 3.418e-03 5.401e-03 6.242e-03 5.809e-03 4.655e-03 3.366e-03 2.284e-03 2.178e-03 2.178e-03 2.178e-03 2.178e-03 2.178e-03 2.178e-03 2.178e-03 2.178e-03
1.460e+00 0.000e+00 1.053e-250 3.672e-173 1.348e-119 1.283e-82 4.104e-57 1.519e-39 1.818e-27 3.467e-19 1.560e-13 1.069e-09 4.054e-07 2.076e-05 2.660e-04 1.308e-03 3.313e-03 5.308e-03 6.193e-03 5.802e-03 4.670e-03 3.387e-03 2.303e-03 2.197e-03 2.197e-03 2.197e-03 2.197e-03 2.197e-03 2.197e-03 2.197e-03 2.197e-03
1.470e+00 0.000e+00 4.436e-254 1.705e-175 3.293e-121 9.882e-84 6.996e-58 4.485e-40 7.851e-28 1.947e-19 1.051e-13 8.170e-10 3.379e-07 1.838e-05 2.455e-04 1.242e-03 3.211e-03 5.216e-03 6.143e-03 5.793e-03 4.685e-03 3.409e-03 2.323e-03 2.216e-03 2.216e-03 2.216e-03 2.216e-03 2.216e-03 2.216e-03 2.216e-03 2.216e-03
1.480e+00 0.000e+00 1.777e-257 7.646e-178 7.851e-123 7.484e-85 1.179e-58 1.314e-40 3.371e-28 1.090e-19 7.062e-14 6.231e-10 2.813e-07 1.625e-05 2.264e-04 1.179e-03 3.110e-03 5.123e-03 6.092e-03 5.783e-03 4.698e-03 3.429e-03 2.342e-03 2.235e-03 2.235e-03 2.235e-03 2.235e-03 2.235e-03 2.235e-03 2.235e-03 2.235e-03
1.490e+00 0.000e+00 6.765e-261 3.310e-180 1.827e-124 5.573e-86 1.963e-59 3.817e-41 1.440e-28 6.072e-20 4.732e-14 4.743e-10 2.339e-07 1.436e-05 2.087e-04 1.119e-03 3.012e-03 5.030e-03 6.040e-03 5.773e-03 4.711e-03 3.450e-03 2.361e-03 2.254e-03 2.254e-03 2.254e-03 2.254e-03 2.254e-03 2.254e-03 2.254e-03 2.254e-03
1.500e+00 0.000e+00 2.449e-264 1.384e-182 4.149e-126 4.082e-87 3.230e-60 1.100e-41 6.113e-29 3.371e-20 3.163e-14 3.603e-10 1.942e-07 1.268e-05 1.922e-04 1.062e-03 2.916e-03 4.938e-03 5.988e-03 5.761e-03 4.724e-03 3.470e-03 2.380e-03 2.273e-03 2.273e-03 2.273e-03 2.273e-03 2.273e-03 2.273e-03 2.273e-03 2.273e-03
1.510e+00 0.000e+00 8.428e-268 5.587e-185 9.198e-128 2.939e-88 5.255e-61 3.145e-42 2.581e-29 1.864e-20 2.108e-14 2.732e-10 1.610e-07 1.118e-05 1.769e-04 1.006e-03 2.821e-03 4.846e-03 5.934e-03 5.748e-03 4.735e-03 3.490e-03 2.399e-03 2.291e-03 2.291e-03 2.291e-03 2.291e-03 2.291e-03 2.291e-03 2.291e-03 2.291e-03
1.520e+00 0.000e+00 2.758e-271 2.178e-187 1.990e-129 2.081e-89 8.451e-62 8.918e-43 1.084e-29 1.027e-20 1.401e-14 2.068e-10 1.333e-07 9.851e-06 1.627e-04 9.537e-04 2.729e-03 4.755e-03 5.879e-03 5.734e-03 4.746e-03 3.509e-03 2.418e-03 2.310e-03 2.310e-03 2.310e-03 2.310e-03 2.310e-03 2.310e-03 2.310e-03 2.310e-03
1.530e+00 0.000e+00 8.580e-275 8.199e-190 4.204e-131 1.449e-90 1.343e-62 2.509e-43 4.525e-30 5.634e-21 9.285e-15 1.562e-10 1.102e-07 8.671e-06 1.496e-04 9.032e-04 2.638e-03 4.664e-03 5.824e-03 5.719e-03 4.756e-03 3.528e-03 2.437e-03 2.328e-03 2.328e-03 2.328e-03 2.328e-03 2.328e-03 2.328e-03 2.328e-03 2.328e-03
1.540e+00 0.000e+00 2.538e-278 2.980e-192 8.667e-133 9.926e-92 2.110e-63 7.001e-44 1.879e-30 3.080e-21 6.137e-15 1.178e-10 9.101e-08 7.625e-06 1.374e-04 8.550e-04 2.550e-03 4.573e-03 5.768e-03 5.704e-03 4.766e-03 3.547e-03 2.455e-03 2.346e-03 2.346e-03 2.346e-03 2.346e-03 2.346e-03 2.346e-03 2.346e-03 2.346e-03
1.550e+00 0.000e+00 7.138e-282 1.046e-194 1.744e-134 6.685e-93 3.278e-64 1.938e-44 7.757e-31 1.677e-21 4.046e-15 8.861e-11 7.505e-08 6.699e-06 1.261e-04 8.089e-04 2.464e-03 4.483e-03 5.711e-03 5.687e-03 4.775e-03 3.566e-03 2.474e-03 2.364e-03 2.364e-03 2.364e-03 2.364e-03 2.364e-03 2.364e-03 2.364e-03 2.364e-03
1.560e+00 0.000e+00 1.909e-285 3.547e-197 3.426e-136 4.427e-94 5.031e-65 5.321e-45 3.185e-31 9.092e-22 2.660e-15 6.655e-11 6.180e-08 5.880e-06 1.157e-04 7.650e-04 2.380e-03 4.393e-03 5.654e-03 5.669e-03 4.783e-03 3.584e-03 2.492e-03 2.382e-03 2.382e-03 2.382e-03 2.382e-03 2.382e-03 2.382e-03 2.382e-03 2.382e-03
1.570e+00 0.000e+00 4.853e-289 1.161e-199 6.570e-138 2.883e-95 7.634e-66 1.450e-45 1.300e-31 4.912e-22 1.744e-15 4.989e-11 5.083e-08 5.156e-06 1.060e-04 7.230e-04 2.297e-03 4.304e-03 5.596e-03 5.650e-03 4.790e-03 3.601e-03 2.510e-03 2.400e-03 2.400e-03 2.400e-03 2.400e-03 2.400e-03 2.400e-03 2.400e-03 2.400e-03
1.580e+00 0.000e+00 1.173e-292 3.671e-202 1.230e-139 1.846e-96 1.145e-66 3.917e-46 5.280e-32 2.643e-22 1.140e-15 3.733e-11 4.175e-08 4.517e-06 9.713e-05 6.830e-04 2.217e-03 4.216e-03 5.537e-03 5.631e-03 4.797e-03 3.619e-03 2.528e-03 2.418e-03 2.418e-03 2.418e-03 2.418e-03 2.418e-03 2.418e-03 2.418e-03 2.418e-03
1.590e+00 0.000e+00 2.698e-296 1.121e-204 2.247e-141 1.163e-97 1.698e-67 1.050e-46 2.132e-32 1.417e-22 7.436e-16 2.788e-11 3.424e-08 3.953e-06 8.891e-05 6.450e-04 2.139e-03 4.128e-03 5.478e-03 5.610e-03 4.803e-03 3.636e-03 2.546e-03 2.435e-03 2.435e-03 2.435e-03 2.435e-03 2.435e-03 2.435e-03 2.435e-03 2.435e-03
1.600e+00 0.000e+00 5.897e-300 3.305e-207 4.007e-143 7.203e-99 2.488e-68 2.792e-47 8.559e-33 7.564e-23 4.836e-16 2.078e-11 2.805e-08 3.456e-06 8.133e-05 6.087e-04 2.063e-03 4.041e-03 5.418e-03 5.589e-03 4.808e-03 3.652e-03 2.563e-03 2.453e-03 2.453e-03 2.453e-03 2.453e-03 2.453e-03 2.453e-03 2.453e-03 2.453e-03
1.610e+00 0.000e+00 1.226e-303 9.413e-210 6.975e-145 4.388e-100 3.604e-69 7.363e-48 3.417e-33 4.023e-23 3.136e-16 1.546e-11 2.294e-08 3.019e-06 7.435e-05 5.742e-04 1.989e-03 3.955e-03 5.358e-03 5.566e-03 4.813e-03 3.668e-03 2.581e-03 2.470e-03 2.470e-03 2.470e-03 2.470e-03 2.470e-03 2.470e-03 2.470e-03 2.470e-03
1.620e+00 0.000e+00 2.423e-307 2.589e-212 1.185e-146 2.628e-101 5.161e-70 1.927e-48 1.357e-33 2.131e-23 2.028e-16 1.148e-11 1.874e-08 2.635e-06 6.792e-05 5.414e-04 1.916e-03 3.869e-03 5.297e-03 5.543e-03 4.817e-03 3.684e-03 2.598e-03 2.487e-03 2.487e-03 2.487e-03 2.487e-03 2.487e-03 2.487e-03 2.487e-03 2.487e-03
1.630e+00 0.000e+00 4.555e-311 6.876e-215 1.967e-148 1.548e-102 7.304e-71 5.001e-49 5.357e-34 1.125e-23 1.308e-16 8.507e-12 1.529e-08 2.297e-06 6.200e-05 5.102e-04 1.846e-03 3.784e-03 5.236e-03 5.519e-03 4.821e-03 3.700e-03 2.615e-03 2.504e-03 2.504e-03 2.504e-03 2.504e-03 2.504e-03 2.504e-03 2.504e-03 2.504e-03
1.640e+00 0.000e+00 8.142e-315 1.764e-217 3.185e-150 8.970e-104 1.022e-71 1.288e-49 2.103e-34 5.914e-24 8.418e-17 6.293e-12 1.246e-08 2.001e-06 5.656e-05 4.806e-04 1.778e-03 3.701e-03 5.174e-03 5.495e-03 4.823e-03 3.715e-03 2.632e-03 2.521e-03 2.521e-03 2.521e-03 2.521e-03 2.521e-03 2.521e-03 2.521e-03 2.521e-03
1.650e+00 0.000e+00 1.384e-318 4.370e-220 5.035e-152 5.111e-105 1.414e-72 3.289e-50 8.213e-35 3.097e-24 5.401e-17 4.646e-12 1.014e-08 1.742e-06 5.156e-05 4.524e-04 1.711e-03 3.618e-03 5.113e-03 5.469e-03 4.825e-03 3.729e-03 2.649e-03 2.538e-03 2.538e-03 2.538e-03 2.538e-03 2.538e-03 2.538e-03 2.538e-03 2.538e-03
1.660e+00 0.000e+00 0.000e+00 1.046e-222 7.771e-154 2.864e-106 1.933e-73 8.334e-51 3.189e-35 1.615e-24 3.456e-17 3.424e-12 8.238e-09 1.514e-06 4.698e-05 4.257e-04 1.647e-03 3.535e-03 5.050e-03 5.443e-03 4.827e-03 3.744e-03 2.666e-03 2.555e-03 2.555e-03 2.555e-03 2.555e-03 2.555e-03 2.555e-03 2.555e-03 2.555e-03
1.670e+00 0.000e+00 0.000e+00 2.416e-225 1.171e-155 1.578e-107 2.612e-74 2.095e-51 1.231e-35 8.394e-25 2.205e-17 2.518e-12 6.685e-09 1.315e-06 4.277e-05 4.004e-04 1.584e-03 3.454e-03 4.988e-03 5.415e-03 4.827e-03 3.758e-03 2.683e-03 2.571e-03 2.571e-03 2.571e-03 2.571e-03 2.571e-03 2.571e-03 2.571e-03 2.571e-03
1.680e+00 0.000e+00 0.000e+00 5.393e-228 1.722e-157 8.553e-109 3.489e-75 5.224e-52 4.728e-36 4.345e-25 1.403e-17 1.849e-12 5.418e-09 1.141e-06 3.891e-05 3.764e-04 1.523e-03 3.374e-03 4.925e-03 5.387e-03 4.827e-03 3.771e-03 2.699e-03 2.587e-03 2.587e-03 2.587e-03 2.587e-03 2.587e-03 2.587e-03 2.587e-03 2.587e-03
1.690e+00 0.000e+00 0.000e+00 1.163e-230 2.472e-159 4.559e-110 4.608e-76 1.292e-52 1.805e-36 2.240e-25 8.906e-18 1.355e-12 4.385e-09 9.895e-07 3.538e-05 3.537e-04 1.464e-03 3.295e-03 4.862e-03 5.359e-03 4.827e-03 3.784e-03 2.715e-03 2.603e-03 2.603e-03 2.603e-03 2.603e-03 2.603e-03 2.603e-03 2.603e-03 2.603e-03
1.700e+00 0.000e+00 0.000e+00 2.421e-233 3.465e-161 2.390e-111 6.015e-77 3.171e-53 6.856e-37 1.151e-25 5.638e-18 9.909e-13 3.544e-09 8.571e-07 3.215e-05 3.322e-04 1.407e-03 3.217e-03 4.799e-03 5.329e-03 4.826e-03 3.797e-03 2.731e-03 2.619e-03 2.619e-03 2.619e-03 2.619e-03 2.619e-03 2.619e-03 2.619e-03 2.619e-03
1.710e+00 0.000e+00 0.000e+00 4.868e-236 4.741e-163 1.232e-112 7.762e-78 7.720e-54 2.589e-37 5.888e-26 3.559e-18 7.234e-13 2.861e-09 7.417e-07 2.919e-05 3.118e-04 1.352e-03 3.139e-03 4.736e-03 5.299e-03 4.824e-03 3.809e-03 2.747e-03 2.635e-03 2.635e-03 2.635e-03 2.635e-03 2.635e-03 2.635e-03 2.635e-03 2.635e-03
1.720e+00 0.000e+00 0.000e+00 9.456e-239 6.334e-165 6.246e-114 9.902e-79 1.864e-54 9.723e-38 3.001e-26 2.241e-18 5.271e-13 2.307e-09 6.412e-07 2.649e-05 2.926e-04 1.298e-03 3.063e-03 4.672e-03 5.269e-03 4.821e-03 3.821e-03 2.763e-03 2.651e-03 2.651e-03 2.651e-03 2.651e-03 2.651e-03 2.651e-03 2.651e-03 2.651e-03
1.730e+00 0.000e+00 0.000e+00 1.774e-241 8.260e-167 3.115e-115 1.249e-79 4.467e-55 3.631e-38 1.524e-26 1.407e-18 3.833e-13 1.857e-09 5.538e-07 2.402e-05 2.744e-04 1.246e-03 2.988e-03 4.609e-03 5.237e-03 4.818e-03 3.833e-03 2.778e-03 2.666e-03 2.666e-03 2.666e-03 2.666e-03 2.666e-03 2.666e-03 2.666e-03 2.666e-03
1.740e+00 0.000e+00 0.000e+00 3.215e-244 1.052e-168 1.528e-116 1.557e-80 1.062e-55 1.349e-38 7.706e-27 8.809e-19 2.783e-13 1.493e-09 4.779e-07 2.176e-05 2.572e-04 1.196e-03 2.914e-03 4.545e-03 5.205e-03 4.814e-03 3.844e-03 2.793e-03 2.682e-03 2.682e-03 2.682e-03 2.682e-03 2.682e-03 2.682e-03 2.682e-03 2.682e-03
1.750e+00 0.000e+00 0.000e+00 5.628e-247 1.307e-170 7.368e-118 1.918e-81 2.503e-56 4.981e-39 3.882e-27 5.501e-19 2.016e-13 1.199e-09 4.120e-07 1.971e-05 2.410e-04 1.147e-03 2.841e-03 4.481e-03 5.172e-03 4.810e-03 3.855e-03 2.808e-03 2.697e-03 2.697e-03 2.697e-03 2.697e-03 2.697e-03 2.697e-03 2.697e-03 2.697e-03
1.760e+00 0.000e+00 0.000e+00 9.515e-250 1.586e-172 3.495e-119 2.337e-82 5.854e-57 1.830e-39 1.948e-27 3.427e-19 1.458e-13 9.614e-10 3.549e-07 1.784e-05 2.257e-04 1.100e-03 2.769e-03 4.418e-03 5.139e-03 4.805e-03 3.865e-03 2.823e-03 2.712e-03 2.712e-03 2.712e-03 2.712e-03 2.712e-03 2.712e-03 2.712e-03 2.712e-03
1.770e+00 0.000e+00 0.000e+00 1.554e-252 1.879e-174 1.631e-120 2.814e-83 1.358e-57 6.683e-40 9.741e-28 2.128e-19 1.052e-13 7.699e-10 3.054e-07 1.613e-05 2.112e-04 1.054e-03 2.699e-03 4.354e-03 5.105e-03 4.799e-03 3.875e-03 2.838e-03 2.727e-03 2.727e-03 2.727e-03 2.727e-03 2.727e-03 2.727e-03 2.727e-03 2.727e-03
1.780e+00 0.000e+00 0.000e+00 2.451e-255 2.173e-176 7.483e-122 3.350e-84 3.127e-58 2.428e-40 4.851e-28 1.319e-19 7.583e-14 6.158e-10 2.626e-07 1.458e-05 1.976e-04 1.010e-03 2.629e-03 4.291e-03 5.071e-03 4.793e-03 3.885e-03 2.853e-03 2.741e-03 2.741e-03 2.741e-03 2.741e-03 2.741e-03 2.741e-03 2.741e-03 2.741e-03
1.790e+00 0.000e+00 0.000e+00 3.735e-258 2.454e-178 3.377e-123 3.942e-85 7.141e-59 8.769e-41 2.407e-28 8.147e-20 5.453e-14 4.918e-10 2.255e-07 1.317e-05 1.848e-04 9.675e-04 2.560e-03 4.227e-03 5.036e-03 4.786e-03 3.894e-03 2.867e-03 2.756e-03 2.756e-03 2.756e-03 2.756e-03 2.756e-03 2.756e-03 2.756e-03 2.756e-03
1.800e+00 0.000e+00 0.000e+00 5.498e-261 2.706e-180 1.499e-124 4.586e-86 1.618e-59 3.150e-41 1.189e-28 5.020e-20 3.914e-14 3.923e-10 1.935e-07 1.188e-05 1.727e-04 9.264e-04 2.493e-03 4.164e-03 5.000e-03 4.779e-03 3.903e-03 2.881e-03 2.770e-03 2.770e-03 2.770e-03 2.770e-03 2.770e-03 2.770e-03 2.770e-03 2.770e-03
1.810e+00 0.000e+00 0.000e+00 7.818e-264 2.912e-182 6.545e-126 5.274e-87 3.636e-60 1.126e-41 5.855e-29 3.085e-20 2.804e-14 3.126e-10 1.659e-07 1.072e-05 1.614e-04 8.868e-04 2.427e-03 4.101e-03 4.964e-03 4.771e-03 3.912e-03 2.895e-03 2.784e-03 2.784e-03 2.784e-03 2.784e-03 2.784e-03 2.784e-03 2.784e-03 2.784e-03
1.820e+00 0.000e+00 0.000e+00 1.074e-266 3.060e-184 2.810e-127 5.996e-88 8.107e-61 3.999e-42 2.871e-29 1.891e-20 2.005e-14 2.487e-10 1.421e-07 9.663e-06 1.507e-04 8.485e-04 2.362e-03 4.038e-03 4.927e-03 4.762e-03 3.920e-03 2.909e-03 2.798e-03 2.798e-03 2.798e-03 2.798e-03 2.798e-03 2.798e-03 2.798e-03 2.798e-03
1.830e+00 0.000e+00 0.000e+00 1.425e-269 3.140e-186 1.187e-128 6.739e-89 1.793e-61 1.413e-42 1.403e-29 1.156e-20 1.431e-14 1.976e-10 1.216e-07 8.704e-06 1.406e-04 8.117e-04 2.298e-03 3.975e-03 4.890e-03 4.753e-03 3.927e-03 2.922e-03 2.812e-03 2.812e-03 2.812e-03 2.812e-03 2.812e-03 2.812e-03 2.812e-03 2.812e-03
1.840e+00 0.000e+00 0.000e+00 1.826e-272 3.145e-188 4.930e-130 7.487e-90 3.935e-62 4.965e-43 6.827e-30 7.046e-21 1.020e-14 1.568e-10 1.040e-07 7.836e-06 1.312e-04 7.761e-04 2.235e-03 3.912e-03 4.853e-03 4.743e-03 3.935e-03 2.936e-03 2.825e-03 2.825e-03 2.825e-03 2.825e-03 2.825e-03 2.825e-03 2.825e-03 2.825e-03
1.850e+00 0.000e+00 0.000e+00 2.260e-275 3.076e-190 2.014e-131 8.224e-91 8.567e-63 1.735e-43 3.310e-30 4.284e-21 7.250e-15 1.242e-10 8.880e-08 7.049e-06 1.223e-04 7.419e-04 2.174e-03 3.850e-03 4.815e-03 4.733e-03 3.942e-03 2.949e-03 2.839e-03 2.839e-03 2.839e-03 2.839e-03 2.839e-03 2.839e-03 2.839e-03 2.839e-03
1.860e+00 0.000e+00 0.000e+00 2.703e-278 2.937e-192 8.093e-133 8.930e-92 1.850e-63 6.029e-44 1.598e-30 2.597e-21 5.146e-15 9.833e-11 7.578e-08 6.337e-06 1.140e-04 7.089e-04 2.113e-03 3.788e-03 4.776e-03 4.722e-03 3.948e-03 2.962e-03 2.852e-03 2.852e-03 2.852e-03 2.852e-03 2.852e-03 2.852e-03 2.852e-03 2.852e-03
1.870e+00 0.000e+00 0.000e+00 3.123e-281 2.738e-194 3.199e-134 9.586e-93 3.964e-64 2.084e-44 7.689e-31 1.571e-21 3.646e-15 7.772e-11 6.461e-08 5.694e-06 1.062e-04 6.772e-04 2.054e-03 3.726e-03 4.737e-03 4.710e-03 3.954e-03 2.974e-03 2.865e-03 2.865e-03 2.865e-03 2.865e-03 2.865e-03 2.865e-03 2.865e-03 2.865e-03
1.880e+00 0.000e+00 0.000e+00 3.486e-284 2.492e-196 1.243e-135 1.017e-93 8.427e-65 7.162e-45 3.685e-31 9.474e-22 2.578e-15 6.135e-11 5.504e-08 5.112e-06 9.892e-05 6.467e-04 1.996e-03 3.664e-03 4.698e-03 4.698e-03 3.960e-03 2.987e-03 2.878e-03 2.878e-03 2.878e-03 2.878e-03 2.878e-03 2.878e-03 2.878e-03 2.878e-03
1.890e+00 0.000e+00 0.000e+00 3.758e-287 2.215e-198 4.754e-137 1.067e-94 1.777e-65 2.448e-45 1.759e-31 5.699e-22 1.820e-15 4.837e-11 4.684e-08 4.587e-06 9.207e-05 6.173e-04 1.939e-03 3.603e-03 4.659e-03 4.686e-03 3.965e-03 2.999e-03 2.890e-03 2.890e-03 2.890e-03 2.890e-03 2.890e-03 2.890e-03 2.890e-03 2.890e-03
1.900e+00 0.000e+00 0.000e+00 3.915e-290 1.922e-200 1.788e-138 1.107e-95 3.718e-66 8.322e-46 8.367e-32 3.419e-22 1.282e-15 3.808e-11 3.982e-08 4.113e-06 8.565e-05 5.891e-04 1.883e-03 3.542e-03 4.619e-03 4.673e-03 3.970e-03 3.011e-03 2.903e-03 2.903e-03 2.903e-03 2.903e-03 2.903e-03 2.903e-03 2.903e-03 2.903e-03
1.910e+00 0.000e+00 0.000e+00 3.939e-293 1.629e-202 6.614e-140 1.135e-96 7.717e-67 2.814e-46 3.964e-32 2.046e-22 9.014e-16 2.994e-11 3.383e-08 3.686e-06 7.964e-05 5.619e-04 1.828e-03 3.482e-03 4.578e-03 4.659e-03 3.975e-03 3.023e-03 2.915e-03 2.915e-03 2.915e-03 2.915e-03 2.915e-03 2.915e-03 2.915e-03 2.915e-03
1.920e+00 0.000e+00 0.000e+00 3.829e-296 1.347e-204 2.406e-141 1.150e-97 1.589e-67 9.459e-47 1.871e-32 1.221e-22 6.327e-16 2.351e-11 2.871e-08 3.301e-06 7.402e-05 5.359e-04 1.775e-03 3.422e-03 4.538e-03 4.645e-03 3.979e-03 3.035e-03 2.927e-03 2.927e-03 2.927e-03 2.927e-03 2.927e-03 2.927e-03 2.927e-03 2.927e-03
1.930e+00 0.000e+00 0.000e+00 3.596e-299 1.088e-206 8.611e-143 1.153e-98 3.246e-68 3.163e-47 8.795e-33 7.265e-23 4.433e-16 1.844e-11 2.434e-08 2.954e-06 6.876e-05 5.108e-04 1.722e-03 3.362e-03 4.497e-03 4.631e-03 3.983e-03 3.046e-03 2.939e-03 2.939e-03 2.939e-03 2.939e-03 2.939e-03 2.939e-03 2.939e-03 2.939e-03
1.940e+00 0.000e+00 0.000e+00 3.263e-302 8.582e-209 3.031e-144 1.142e-99 6.579e-69 1.052e-47 4.119e-33 4.312e-23 3.100e-16 1.444e-11 2.062e-08 2.642e-06 6.385e-05 4.868e-04 1.671e-03 3.303e-03 4.456e-03 4.616e-03 3.986e-03 3.058e-03 2.951e-03 2.951e-03 2.951e-03 2.951e-03 2.951e-03 2.951e-03 2.951e-03 2.951e-03
1.950e+00 0.000e+00 0.000e+00 2.860e-305 6.608e-211 1.049e-145 1.118e-100 1.323e-69 3.478e-48 1.922e-33 2.553e-23 2.163e-16 1.130e-11 1.745e-08 2.361e-06 5.926e-05 4.638e-04 1.621e-03 3.244e-03 4.414e-03 4.600e-03 3.989e-03 3.069e-03 2.962e-03 2.962e-03 2.962e-03 2.962e-03 2.962e-03 2.962e-03 2.962e-03 2.962e-03
1.960e+00 0.000e+00 0.000e+00 2.422e-308 4.969e-213 3.574e-147 1.083e-101 2.639e-70 1.144e-48 8.933e-34 1.507e-23 1.507e-16 8.825e-12 1.476e-08 2.109e-06 5.497e-05 4.417e-04 1.572e-03 3.185e-03 4.372e-03 4.584e-03 3.992e-03 3.080e-03 2.973e-03 2.973e-03 2.973e-03 2.973e-03 2.973e-03 2.973e-03 2.973e-03 2.973e-03
1.970e+00 0.000e+00 0.000e+00 1.981e-311 3.648e-215 1.197e-148 1.036e-102 5.222e-71 3.741e-49 4.136e-34 8.876e-24 1.048e-16 6.885e-12 1.247e-08 1.882e-06 5.097e-05 4.205e-04 1.524e-03 3.128e-03 4.330e-03 4.567e-03 3.994e-03 3.090e-03 2.984e-03 2.984e-03 2.984e-03 2.984e-03 2.984e-03 2.984e-03 2.984e-03 2.984e-03
1.980e+00 0.000e+00 0.000e+00 1.566e-314 2.615e-217 3.944e-150 9.809e-104 1.025e-71 1.217e-49 1.908e-34 5.213e-24 7.275e-17 5.365e-12 1.052e-08 1.679e-06 4.724e-05 4.001e-04 1.477e-03 3.070e-03 4.288e-03 4.551e-03 3.996e-03 3.101e-03 2.995e-03 2.995e-03 2.995e-03 2.995e-03 2.995e-03 2.995e-03 2.995e-03 2.995e-03
1.990e+00 0.000e+00 0.000e+00 1.196e-317 1.830e-219 1.278e-151 9.177e-105 1.997e-72 3.937e-50 8.766e-35 3.053e-24 5.040e-17 4.175e-12 8.873e-09 1.497e-06 4.377e-05 3.807e-04 1.431e-03 3.013e-03 4.246e-03 4.533e-03 3.997e-03 3.111e-03 3.006e-03 3.006e-03 3.006e-03 3.006e-03 3.006e-03 3.006e-03 3.006e-03 3.006e-03
2.000e+00 0.000e+00 0.000e+00 8.360e-321 1.251e-221 4.075e-153 8.488e-106 3.859e-73 1.267e-50 4.012e-35 1.784e-24 3.486e-17 3.244e-12 7.475e-09 1.334e-06 4.053e-05 3.620e-04 1.387e-03 2.957e-03 4.203e-03 4.515e-03 3.998e-03 3.121e-03 3.016e-03 3.016e-03 3.016e-03 3.016e-03 3.016e-03 3.016e-03 3.016e-03 3.016e-03
2.010e+00 0.000e+00 0.000e+00 0.000e+00 8.350e-224 1.278e-154 7.761e-107 7.400e-74 4.053e-51 1.830e-35 1.039e-24 2.406e-17 2.518e-12 6.292e-09 1.187e-06 3.751e-05 3.442e-04 1.343e-03 2.901e-03 4.161e-03 4.497e-03 3.999e-03 3.131e-03 3.027e-03 3.027e-03 3.027e-03 3.027e-03 3.027e-03 3.027e-03 3.027e-03 3.027e-03
2.020e+00 0.000e+00 0.000e+00 0.000e+00 5.441e-226 3.941e-156 7.017e-108 1.407e-74 1.290e-51 8.311e-36 6.038e-25 1.658e-17 1.952e-12 5.292e-09 1.056e-06 3.470e-05 3.271e-04 1.301e-03 2.845e-03 4.118e-03 4.478e-03 4.000e-03 3.140e-03 3.037e-03 3.037e-03 3.037e-03 3.037e-03 3.037e-03 3.037e-03 3.037e-03 3.037e-03
2.030e+00 0.000e+00 0.000e+00 0.000e+00 3.462e-228 1.196e-157 6.271e-109 2.656e-75 4.081e-52 3.761e-36 3.500e-25 1.140e-17 1.511e-12 4.446e-09 9.392e-07 3.209e-05 3.108e-04 1.259e-03 2.790e-03 4.075e-03 4.459e-03 4.000e-03 3.150e-03 3.047e-03 3.047e-03 3.047e-03 3.047e-03 3.047e-03 3.047e-03 3.047e-03 3.047e-03
2.040e+00 0.000e+00 0.000e+00 0.000e+00 2.151e-230 3.568e-159 5.541e-110 4.973e-76 1.285e-52 1.696e-36 2.023e-25 7.825e-18 1.168e-12 3.732e-09 8.346e-07 2.966e-05 2.952e-04 1.219e-03 2.736e-03 4.032e-03 4.439e-03 3.999e-03 3.159e-03 3.056e-03 3.056e-03 3.056e-03 3.056e-03 3.056e-03 3.056e-03 3.056e-03 3.056e-03
2.050e+00 0.000e+00 0.000e+00 0.000e+00 1.305e-232 1.047e-160 4.841e-111 9.237e-77 4.021e-53 7.614e-37 1.166e-25 5.362e-18 9.020e-13 3.130e-09 7.411e-07 2.740e-05 2.803e-04 1.179e-03 2.682e-03 3.988e-03 4.419e-03 3.998e-03 3.168e-03 3.066e-03 3.066e-03 3.066e-03 3.066e-03 3.066e-03 3.066e-03 3.066e-03 3.066e-03
2.060e+00 0.000e+00 0.000e+00 0.000e+00 7.733e-235 3.025e-162 4.181e-112 1.702e-77 1.252e-53 3.407e-37 6.704e-26 3.667e-18 6.955e-13 2.623e-09 6.577e-07 2.530e-05 2.660e-04 1.141e-03 2.629e-03 3.945e-03 4.399e-03 3.997e-03 3.176e-03 3.075e-03 3.075e-03 3.075e-03 3.075e-03 3.075e-03 3.075e-03 3.075e-03 3.075e-03
2.070e+00 0.000e+00 0.000e+00 0.000e+00 4.474e-237 8.591e-164 3.570e-113 3.112e-78 3.875e-54 1.518e-37 3.844e-26 2.503e-18 5.357e-13 2.195e-09 5.833e-07 2.335e-05 2.524e-04 1.103e-03 2.576e-03 3.902e-03 4.378e-03 3.996e-03 3.185e-03 3.084e-03 3.084e-03 3.084e-03 3.084e-03 3.084e-03 3.084e-03 3.084e-03 3.084e-03
2.080e+00 0.000e+00 0.000e+00 0.000e+00 2.528e-239 2.400e-165 3.014e-114 5.646e-79 1.193e-54 6.741e-38 2.199e-26 1.706e-18 4.120e-13 1.836e-09 5.170e-07 2.154e-05 2.394e-04 1.067e-03 2.524e-03 3.858e-03 4.357e-03 3.994e-03 3.193e-03 3.093e-03 3.093e-03 3.093e-03 3.093e-03 3.093e-03 3.093e-03 3.093e-03 3.093e-03
2.090e+00 0.000e+00 0.000e+00 0.000e+00 1.394e-241 6.596e-167 2.515e-115 1.016e-79 3.654e-55 2.982e-38 1.254e-26 1.160e-18 3.165e-13 1.534e-09 4.579e-07 1.987e-05 2.270e-04 1.031e-03 2.473e-03 3.815e-03 4.335e-03 3.992e-03 3.201e-03 3.102e-03 3.102e-03 3.102e-03 3.102e-03 3.102e-03 3.102e-03 3.102e-03 3.102e-03
2.100e+00 0.000e+00 0.000e+00 0.000e+00 7.511e-244 1.783e-168 2.075e-116 1.814e-80 1.113e-55 1.314e-38 7.135e-27 7.875e-19 2.428e-13 1.281e-09 4.053e-07 1.831e-05 2.152e-04 9.964e-04 2.422e-03 3.771e-03 4.313e-03 3.989e-03 3.209e-03 3.110e-03 3.110e-03 3.110e-03 3.110e-03 3.110e-03 3.110e-03 3.110e-03 3.110e-03
2.110e+00 0.000e+00 0.000e+00 0.000e+00 3.951e-246 4.742e-170 1.693e-117 3.214e-81 3.371e-56 5.767e-39 4.048e-27 5.337e-19 1.860e-13 1.069e-09 3.586e-07 1.687e-05 2.039e-04 9.627e-04 2.372e-03 3.727e-03 4.291e-03 3.986e-03 3.216e-03 3.118e-03 3.118e-03 3.118e-03 3.118e-03 3.118e-03 3.118e-03 3.118e-03 3.118e-03
2.120e+00 0.000e+00 0.000e+00 0.000e+00 2.030e-248 1.241e-171 1.366e-118 5.649e-82 1.015e-56 2.522e-39 2.291e-27 3.610e-19 1.423e-13 8.905e-10 3.170e-07 1.554e-05 1.932e-04 9.299e-04 2.323e-03 3.684e-03 4.268e-03 3.983e-03 3.224e-03 3.126e-03 3.126e-03 3.126e-03 3.126e-03 3.126e-03 3.126e-03 3.126e-03 3.126e-03
2.130e+00 0.000e+00 0.000e+00 0.000e+00 1.018e-250 3.192e-173 1.089e-119 9.850e-83 3.042e-57 1.099e-39 1.293e-27 2.437e-19 1.088e-13 7.414e-10 2.800e-07 1.430e-05 1.829e-04 8.981e-04 2.274e-03 3.640e-03 4.245e-03 3.979e-03 3.231e-03 3.134e-03 3.134e-03 3.134e-03 3.134e-03 3.134e-03 3.134e-03 3.134e-03 3.134e-03
2.140e+00 0.000e+00 0.000e+00 0.000e+00 4.987e-253 8.080e-175 8.585e-121 1.704e-83 9.063e-58 4.768e-40 7.279e-28 1.642e-19 8.303e-14 6.168e-10 2.473e-07 1.316e-05 1.732e-04 8.671e-04 2.225e-03 3.597e-03 4.222e-03 3.975e-03 3.237e-03 3.142e-03 3.142e-03 3.142e-03 3.142e-03 3.142e-03 3.142e-03 3.142e-03 3.142e-03
2.150e+00 0.000e+00 0.000e+00 0.000e+00 2.386e-255 2.012e-176 6.692e-122 2.925e-84 2.686e-58 2.061e-40 4.086e-28 1.105e-19 6.329e-14 5.126e-10 2.182e-07 1.210e-05 1.639e-04 8.370e-04 2.178e-03 3.553e-03 4.198e-03 3.971e-03 3.244e-03 3.149e-03 3.149e-03 3.149e-03 3.149e-03 3.149e-03 3.149e-03 3.149e-03 3.149e-03
2.160e+00 0.000e+00 0.000e+00 0.000e+00 1.114e-257 4.928e-178 5.157e-123 4.981e-85 7.915e-59 8.877e-41 2.288e-28 7.417e-20 4.818e-14 4.256e-10 1.924e-07 1.112e-05 1.550e-04 8.077e-04 2.131e-03 3.510e-03 4.174e-03 3.966e-03 3.251e-03 3.156e-03 3.156e-03 3.156e-03 3.156e-03 3.156e-03 3.156e-03 3.156e-03 3.156e-03
2.170e+00 0.000e+00 0.000e+00 0.000e+00 5.083e-260 1.187e-179 3.929e-124 8.415e-86 2.320e-59 3.809e-41 1.278e-28 4.971e-20 3.663e-14 3.531e-10 1.695e-07 1.022e-05 1.466e-04 7.793e-04 2.084e-03 3.466e-03 4.150e-03 3.961e-03 3.257e-03 3.163e-03 3.163e-03 3.163e-03 3.163e-03 3.163e-03 3.163e-03 3.163e-03 3.163e-03
2.180e+00 0.000e+00 0.000e+00 0.000e+00 2.265e-262 2.814e-181 2.960e-125 1.411e-86 6.763e-60 1.628e-41 7.118e-29 3.325e-20 2.781e-14 2.927e-10 1.493e-07 9.384e-06 1.386e-04 7.517e-04 2.039e-03 3.423e-03 4.125e-03 3.956e-03 3.263e-03 3.170e-03 3.170e-03 3.170e-03 3.170e-03 3.170e-03 3.170e-03 3.170e-03 3.170e-03
2.190e+00 0.000e+00 0.000e+00 0.000e+00 9.851e-265 6.562e-183 2.205e-126 2.346e-87 1.961e-60 6.933e-42 3.954e-29 2.220e-20 2.109e-14 2.424e-10 1.314e-07 8.615e-06 1.310e-04 7.249e-04 1.993e-03 3.380e-03 4.101e-03 3.950e-03 3.268e-03 3.176e-03 3.176e-03 3.176e-03 3.176e-03 3.176e-03 3.176e-03 3.176e-03 3.176e-03
2.200e+00 0.000e+00 0.000e+00 0.000e+00 4.185e-267 1.505e-184 1.623e-127 3.871e-88 5.653e-61 2.941e-42 2.191e-29 1.480e-20 1.597e-14 2.005e-10 1.156e-07 7.904e-06 1.238e-04 6.989e-04 1.949e-03 3.337e-03 4.075e-03 3.944e-03 3.274e-03 3.183e-03 3.183e-03 3.183e-03 3.183e-03 3.183e-03 3.183e-03 3.183e-03 3.183e-03
2.210e+00 0.000e+00 0.000e+00 0.000e+00 1.736e-269 3.396e-186 1.182e-128 6.338e-89 1.621e-61 1.243e-42 1.211e-29 9.846e-21 1.208e-14 1.658e-10 1.016e-07 7.249e-06 1.169e-04 6.736e-04 1.905e-03 3.293e-03 4.050e-03 3.938e-03 3.279e-03 3.189e-03 3.189e-03 3.189e-03 3.189e-03 3.189e-03 3.189e-03 3.189e-03 3.189e-03
2.220e+00 0.000e+00 0.000e+00 0.000e+00 7.035e-272 7.538e-188 8.507e-130 1.029e-89 4.624e-62 5.233e-43 6.674e-30 6.538e-21 9.128e-15 1.369e-10 8.924e-08 6.646e-06 1.104e-04 6.492e-04 1.862e-03 3.251e-03 4.024e-03 3.932e-03 3.284e-03 3.195e-03 3.195e-03 3.195e-03 3.195e-03 3.195e-03 3.195e-03 3.195e-03 3.195e-03
2.230e+00 0.000e+00 0.000e+00 0.000e+00 2.784e-274 1.646e-189 6.055e-131 1.659e-90 1.312e-62 2.195e-43 3.669e-30 4.334e-21 6.887e-15 1.130e-10 7.834e-08 6.090e-06 1.042e-04 6.254e-04 1.820e-03 3.208e-03 3.998e-03 3.925e-03 3.289e-03 3.200e-03 3.200e-03 3.200e-03 3.200e-03 3.200e-03 3.200e-03 3.200e-03 3.200e-03
2.240e+00 0.000e+00 0.000e+00 0.000e+00 1.076e-276 3.535e-191 4.260e-132 2.653e-91 3.700e-63 9.170e-44 2.011e-30 2.868e-21 5.189e-15 9.313e-11 6.873e-08 5.578e-06 9.830e-05 6.024e-04 1.778e-03 3.165e-03 3.972e-03 3.917e-03 3.294e-03 3.206e-03 3.206e-03 3.206e-03 3.206e-03 3.206e-03 3.206e-03 3.206e-03 3.206e-03
2.250e+00 0.000e+00 0.000e+00 0.000e+00 4.059e-279 7.470e-193 2.964e-133 4.208e-92 1.038e-63 3.817e-44 1.100e-30 1.894e-21 3.905e-15 7.671e-11 6.026e-08 5.106e-06 9.272e-05 5.801e-04 1.737e-03 3.123e-03 3.946e-03 3.910e-03 3.298e-03 3.211e-03 3.211e-03 3.211e-03 3.211e-03 3.211e-03 3.211e-03 3.211e-03 3.211e-03
2.260e+00 0.000e+00 0.000e+00 0.000e+00 1.496e-281 1.553e-194 2.039e-134 6.624e-93 2.897e-64 1.583e-44 5.999e-31 1.248e-21 2.935e-15 6.313e-11 5.280e-08 4.673e-06 8.743e-05 5.585e-04 1.696e-03 3.080e-03 3.919e-03 3.902e-03 3.302e-03 3.216e-03 3.216e-03 3.216e-03 3.216e-03 3.216e-03 3.216e-03 3.216e-03 3.216e-03
2.270e+00 0.000e+00 0.000e+00 0.000e+00 5.383e-284 3.175e-196 1.386e-135 1.034e-93 8.041e-65 6.539e-45 3.263e-31 8.215e-22 2.203e-15 5.190e-11 4.623e-08 4.274e-06 8.242e-05 5.376e-04 1.656e-03 3.038e-03 3.892e-03 3.894e-03 3.306e-03 3.221e-03 3.221e-03 3.221e-03 3.221e-03 3.221e-03 3.221e-03 3.221e-03 3.221e-03
2.280e+00 0.000e+00 0.000e+00 0.000e+00 1.892e-286 6.387e-198 9.323e-137 1.603e-94 2.219e-65 2.691e-45 1.770e-31 5.396e-22 1.652e-15 4.264e-11 4.046e-08 3.907e-06 7.767e-05 5.173e-04 1.617e-03 2.996e-03 3.865e-03 3.885e-03 3.310e-03 3.226e-03 3.226e-03 3.226e-03 3.226e-03 3.226e-03 3.226e-03 3.226e-03 3.226e-03
2.290e+00 0.000e+00 0.000e+00 0.000e+00 6.495e-289 1.264e-199 6.198e-138 2.464e-95 6.093e-66 1.103e-45 9.580e-32 3.538e-22 1.236e-15 3.499e-11 3.538e-08 3.571e-06 7.317e-05 4.977e-04 1.579e-03 2.954e-03 3.838e-03 3.876e-03 3.314e-03 3.230e-03 3.230e-03 3.230e-03 3.230e-03 3.230e-03 3.230e-03 3.230e-03 3.230e-03
2.300e+00 0.000e+00 0.000e+00 0.000e+00 2.177e-291 2.460e-201 4.074e-139 3.758e-96 1.664e-66 4.507e-46 5.170e-32 2.315e-22 9.246e-16 2.869e-11 3.093e-08 3.262e-06 6.891e-05 4.787e-04 1.541e-03 2.913e-03 3.810e-03 3.867e-03 3.317e-03 3.234e-03 3.234e-03 3.234e-03 3.234e-03 3.234e-03 3.234e-03 3.234e-03 3.234e-03
2.310e+00 0.000e+00 0.000e+00 0.000e+00 7.128e-294 4.712e-203 2.648e-140 5.687e-97 4.518e-67 1.834e-46 2.783e-32 1.512e-22 6.905e-16 2.351e-11 2.701e-08 2.978e-06 6.488e-05 4.604e-04 1.504e-03 2.871e-03 3.783e-03 3.858e-03 3.320e-03 3.238e-03 3.238e-03 3.238e-03 3.238e-03 3.238e-03 3.238e-03 3.238e-03 3.238e-03
2.320e+00 0.000e+00 0.000e+00 0.000e+00 2.279e-296 8.878e-205 1.701e-141 8.539e-98 1.220e-67 7.435e-47 1.494e-32 9.860e-23 5.150e-16 1.924e-11 2.358e-08 2.718e-06 6.106e-05 4.426e-04 1.467e-03 2.830e-03 3.755e-03 3.848e-03 3.323e-03 3.242e-03 3.242e-03 3.242e-03 3.242e-03 3.242e-03 3.242e-03 3.242e-03 3.242e-03
2.330e+00 0.000e+00 0.000e+00 0.000e+00 7.117e-299 1.645e-206 1.081e-142 1.272e-98 3.277e-68 3.003e-47 8.001e-33 6.417e-23 3.836e-16 1.574e-11 2.057e-08 2.479e-06 5.745e-05 4.254e-04 1.431e-03 2.789e-03 3.727e-03 3.838e-03 3.325e-03 3.246e-03 3.246e-03 3.246e-03 3.246e-03 3.246e-03 3.246e-03 3.246e-03 3.246e-03
2.340e+00 0.000e+00 0.000e+00 0.000e+00 2.171e-301 3.000e-208 6.791e-144 1.880e-99 8.756e-69 1.208e-47 4.273e-33 4.169e-23 2.854e-16 1.286e-11 1.793e-08 2.261e-06 5.403e-05 4.088e-04 1.396e-03 2.749e-03 3.699e-03 3.828e-03 3.328e-03 3.249e-03 3.249e-03 3.249e-03 3.249e-03 3.249e-03 3.249e-03 3.249e-03 3.249e-03
2.350e+00 0.000e+00 0.000e+00 0.000e+00 6.465e-304 5.382e-210 4.218e-145 2.758e-100 2.327e-69 4.842e-48 2.276e-33 2.704e-23 2.120e-16 1.050e-11 1.562e-08 2.060e-06 5.080e-05 3.928e-04 1.361e-03 2.708e-03 3.670e-03 3.817e-03 3.330e-03 3.252e-03 3.252e-03 3.252e-03 3.252e-03 3.252e-03 3.252e-03 3.252e-03 3.252e-03
2.360e+00 0.000e+00 0.000e+00 0.000e+00 1.881e-306 9.498e-212 2.590e-146 4.013e-101 6.148e-70 1.933e-48 1.209e-33 1.750e-23 1.574e-16 8.560e-12 1.360e-08 1.877e-06 4.775e-05 3.772e-04 1.327e-03 2.668e-03 3.642e-03 3.806e-03 3.332e-03 3.255e-03 3.255e-03 3.255e-03 3.255e-03 3.255e-03 3.255e-03 3.255e-03 3.255e-03
2.370e+00 0.000e+00 0.000e+00 0.000e+00 5.343e-309 1.649e-213 1.573e-147 5.793e-102 1.616e-70 7.692e-49 6.408e-34 1.131e-23 1.166e-16 6.976e-12 1.184e-08 1.709e-06 4.487e-05 3.623e-04 1.294e-03 2.628e-03 3.613e-03 3.795e-03 3.334e-03 3.258e-03 3.258e-03 3.258e-03 3.258e-03 3.258e-03 3.258e-03 3.258e-03 3.258e-03
2.380e+00 0.000e+00 0.000e+00 0.000e+00 1.483e-311 2.816e-215 9.443e-149 8.298e-103 4.224e-71 3.048e-49 3.386e-34 7.292e-24 8.631e-17 5.679e-12 1.030e-08 1.556e-06 4.215e-05 3.478e-04 1.261e-03 2.588e-03 3.584e-03 3.784e-03 3.335e-03 3.261e-03 3.261e-03 3.261e-03 3.261e-03 3.261e-03 3.261e-03 3.261e-03 3.261e-03
2.390e+00 0.000e+00 0.000e+00 0.000e+00 4.018e-314 4.732e-217 5.605e-150 1.179e-103 1.098e-71 1.204e-49 1.785e-34 4.694e-24 6.381e-17 4.620e-12 8.947e-09 1.415e-06 3.958e-05 3.338e-04 1.229e-03 2.549e-03 3.555e-03 3.772e-03 3.337e-03 3.263e-03 3.263e-03 3.263e-03 3.263e-03 3.263e-03 3.263e-03 3.263e-03 3.263e-03
2.400e+00 0.000e+00 0.000e+00 0.000e+00 1.063e-316 7.821e-219 3.290e-151 1.663e-104 2.840e-72 4.734e-50 9.385e-35 3.017e-24 4.711e-17 3.755e-12 7.771e-09 1.287e-06 3.716e-05 3.204e-04 1.197e-03 2.510e-03 3.526e-03 3.760e-03 3.338e-03 3.265e-03 3.265e-03 3.265e-03 3.265e-03 3.265e-03 3.265e-03 3.265e-03 3.265e-03
2.410e+00 0.000e+00 0.000e+00 0.000e+00 2.750e-319 1.272e-220 1.909e-152 2.327e-105 7.304e-73 1.855e-50 4.921e-35 1.935e-24 3.474e-17 3.049e-12 6.745e-09 1.170e-06 3.487e-05 3.074e-04 1.166e-03 2.471e-03 3.497e-03 3.748e-03 3.339e-03 3.267e-03 3.267e-03 3.267e-03 3.267e-03 3.267e-03 3.267e-03 3.267e-03 3.267e-03
2.420e+00 0.000e+00 0.000e+00 0.000e+00 1.062e-321 2.035e-222 1.096e-153 3.231e-106 1.868e-73 7.241e-51 2.574e-35 1.239e-24 2.558e-17 2.473e-12 5.851e-09 1.063e-06 3.271e-05 2.948e-04 1.136e-03 2.432e-03 3.468e-03 3.736e-03 3.339e-03 3.269e-03 3.269e-03 3.269e-03 3.269e-03 3.269e-03 3.269e-03 3.269e-03 3.269e-03
2.430e+00 0.000e+00 0.000e+00 0.000e+00 0.000e+00 3.203e-224 6.216e-155 4.450e-107 4.753e-74 2.816e-51 1.342e-35 7.917e-25 1.881e-17 2.005e-12 5.073e-09 9.654e-07 3.068e-05 2.827e-04 1.106e-03 2.394e-03 3.439e-03 3.723e-03 3.340e-03 3.270e-03 3.270e-03 3.270e-03 3.270e-03 3.270e-03 3.270e-03 3.270e-03 3.270e-03
2.440e+00 0.000e+00 0.000e+00 0.000e+00 0.000e+00 4.959e-226 3.487e-156 6.081e-108 1.203e-74 1.091e-51 6.984e-36 5.051e-25 1.382e-17 1.624e-12 4.395e-09 8.764e-07 2.877e-05 2.711e-04 1.077e-03 2.356e-03 3.409e-03 3.710e-03 3.340e-03 3.272e-03 3.272e-03 3.272e-03 3.272e-03 3.272e-03 3.272e-03 3.272e-03 3.272e-03
2.450e+00 0.000e+00 0.000e+00 0.000e+00 0.000e+00 7.555e-228 1.934e-157 8.246e-109 3.027e-75 4.212e-52 3.624e-36 3.216e-25 1.014e-17 1.314e-12 3.805e-09 7.952e-07 2.696e-05 2.598e-04 1.049e-03 2.318e-03 3.380e-03 3.697e-03 3.340e-03 3.273e-03 3.273e-03 3.273e-03 3.273e-03 3.273e-03 3.273e-03 3.273e-03 3.273e-03
2.460e+00 0.000e+00 0.000e+00 0.000e+00 0.000e+00 1.132e-229 1.061e-158 1.110e-109 7.576e-76 1.620e-52 1.876e-36 2.044e-25 7.429e-18 1.062e-12 3.293e-09 7.212e-07 2.526e-05 2.490e-04 1.021e-03 2.281e-03 3.350e-03 3.684e-03 3.340e-03 3.274e-03 3.274e-03 3.274e-03 3.274e-03 3.274e-03 3.274e-03 3.274e-03 3.274e-03
2.470e+00 0.000e+00 0.000e+00 0.000e+00 0.000e+00 1.669e-231 5.752e-160 1.481e-110 1.886e-76 6.205e-53 9.683e-37 1.297e-25 5.436e-18 8.577e-13 2.847e-09 6.539e-07 2.366e-05 2.386e-04 9.934e-04 2.244e-03 3.321e-03 3.670e-03 3.339e-03 3.274e-03 3.274e-03 3.274e-03 3.274e-03 3.274e-03 3.274e-03 3.274e-03 3.274e-03
2.480e+00 0.000e+00 0.000e+00 0.000e+00 0.000e+00 2.422e-233 3.084e-161 1.962e-111 4.670e-77 2.368e-53 4.985e-37 8.214e-26 3.973e-18 6.922e-13 2.461e-09 5.925e-07 2.216e-05 2.285e-04 9.666e-04 2.207e-03 3.291e-03 3.656e-03 3.339e-03 3.275e-03 3.275e-03 3.275e-03 3.275e-03 3.275e-03 3.275e-03 3.275e-03 3.275e-03
2.490e+00 0.000e+00 0.000e+00 0.000e+00 0.000e+00 3.456e-235 1.635e-162 2.578e-112 1.150e-77 9.005e-54 2.560e-37 5.193e-26 2.900e-18 5.581e-13 2.125e-09 5.367e-07 2.074e-05 2.188e-04 9.404e-04 2.171e-03 3.261e-03 3.642e-03 3.338e-03 3.275e-03 3.275e-03 3.275e-03 3.275e-03 3.275e-03 3.275e-03 3.275e-03 3.275e-03
2.500e+00 0.000e+00 0.000e+00 0.000e+00 0.000e+00 4.853e-237 8.572e-164 3.362e-113 2.817e-78 3.411e-54 1.311e-37 3.277e-26 2.114e-18 4.495e-13 1.834e-09 4.859e-07 1.941e-05 2.095e-04 9.147e-04 2.135e-03 3.232e-03 3.628e-03 3.337e-03 3.275e-03 3.275e-03 3.275e-03 3.275e-03 3.275e-03 3.275e-03 3.275e-03 3.275e-03
2.510e+00 0.000e+00 0.000e+00 0.000e+00 0.000e+00 6.703e-239 4.443e-165 4.350e-114 6.862e-79 1.287e-54 6.698e-38 2.064e-26 1.539e-18 3.618e-13 1.582e-09 4.397e-07 1.816e-05 2.006e-04 8.896e-04 2.099e-03 3.202e-03 3.613e-03 3.336e-03 3.275e-03 3.275e-03 3.275e-03 3.275e-03 3.275e-03 3.275e-03 3.275e-03 3.275e-03
2.520e+00 0.000e+00 0.000e+00 0.000e+00 0.000e+00 9.110e-241 2.277e-166 5.585e-115 1.663e-79 4.840e-55 3.413e-38 1.298e-26 1.119e-18 2.909e-13 1.364e-09 3.978e-07 1.698e-05 1.919e-04 8.650e-04 2.064e-03 3.172e-03 3.599e-03 3.334e-03 3.275e-03 3.275e-03 3.275e-03 3.275e-03 3.275e-03 3.275e-03 3.275e-03 3.275e-03
2.530e+00 0.000e+00 0.000e+00 0.000e+00 0.000e+00 1.218e-242 1.154e-167 7.114e-116 4.006e-80 1.813e-55 1.734e-38 8.144e-27 8.128e-19 2.337e-13 1.175e-09 3.597e-07 1.588e-05 1.836e-04 8.410e-04 2.029e-03 3.142e-03 3.584e-03 3.332e-03 3.274e-03 3.274e-03 3.274e-03 3.274e-03 3.274e-03 3.274e-03 3.274e-03 3.274e-03
2.540e+00 0.000e+00 0.000e+00 0.000e+00 0.000e+00 1.602e-244 5.783e-169 8.991e-117 9.603e-81 6.766e-56 8.791e-39 5.102e-27 5.896e-19 1.876e-13 1.012e-09 3.251e-07 1.484e-05 1.757e-04 8.175e-04 1.994e-03 3.112e-03 3.569e-03 3.331e-03 3.274e-03 3.274e-03 3.274e-03 3.274e-03 3.274e-03 3.274e-03 3.274e-03 3.274e-03
2.550e+00 0.000e+00 0.000e+00 0.000e+00 0.000e+00 2.074e-246 2.865e-170 1.127e-117 2.289e-81 2.515e-56 4.444e-39 3.190e-27 4.271e-19 1.505e-13 8.707e-10 2.937e-07 1.387e-05 1.680e-04 7.945e-04 1.960e-03 3.082e-03 3.553e-03 3.329e-03 3.273e-03 3.273e-03 3.273e-03 3.273e-03 3.273e-03 3.273e-03 3.273e-03 3.273e-03
2.560e+00 0.000e+00 0.000e+00 0.000e+00 0.000e+00 2.640e-248 1.404e-171 1.403e-118 5.428e-82 9.316e-57 2.241e-39 1.991e-27 3.090e-19 1.206e-13 7.487e-10 2.652e-07 1.295e-05 1.606e-04 7.721e-04 1.926e-03 3.053e-03 3.538e-03 3.326e-03 3.272e-03 3.272e-03 3.272e-03 3.272e-03 3.272e-03 3.272e-03 3.272e-03 3.272e-03
2.570e+00 0.000e+00 0.000e+00 0.000e+00 0.000e+00 3.308e-250 6.800e-173 1.732e-119 1.280e-82 3.437e-57 1.127e-39 1.241e-27 2.233e-19 9.652e-14 6.435e-10 2.394e-07 1.209e-05 1.536e-04 7.502e-04 1.892e-03 3.023e-03 3.522e-03 3.324e-03 3.270e-03 3.270e-03 3.270e-03 3.270e-03 3.270e-03 3.270e-03 3.270e-03 3.270e-03
2.580e+00 0.000e+00 0.000e+00 0.000e+00 0.000e+00 4.077e-252 3.257e-174 2.122e-120 3.002e-83 1.264e-57 5.653e-40 7.717e-28 1.611e-19 7.721e-14 5.527e-10 2.160e-07 1.129e-05 1.468e-04 7.287e-04 1.859e-03 2.993e-03 3.506e-03 3.321e-03 3.269e-03 3.269e-03 3.269e-03 3.269e-03 3.269e-03 3.269e-03 3.269e-03 3.269e-03
2.590e+00 0.000e+00 0.000e+00 0.000e+00 0.000e+00 4.944e-254 1.543e-175 2.579e-121 7.004e-84 4.628e-58 2.828e-40 4.791e-28 1.161e-19 6.170e-14 4.744e-10 1.947e-07 1.053e-05 1.402e-04 7.078e-04 1.826e-03 2.963e-03 3.490e-03 3.318e-03 3.267e-03 3.267e-03 3.267e-03 3.267e-03 3.267e-03 3.267e-03 3.267e-03 3.267e-03
2.600e+00 0.000e+00 0.000e+00 0.000e+00 0.000e+00 5.898e-256 7.224e-177 3.110e-122 1.625e-84 1.688e-58 1.411e-40 2.969e-28 8.360e-20 4.927e-14 4.069e-10 1.756e-07 9.827e-06 1.340e-04 6.873e-04 1.794e-03 2.933e-03 3.474e-03 3.315e-03 3.265e-03 3.265e-03 3.265e-03 3.265e-03 3.265e-03 3.265e-03 3.265e-03 3.265e-03
2.610e+00 0.000e+00 0.000e+00 0.000e+00 0.000e+00 6.923e-258 3.345e-178 3.722e-123 3.751e-85 6.137e-59 7.025e-41 1.836e-28 6.010e-20 3.930e-14 3.488e-10 1.582e-07 9.165e-06 1.279e-04 6.673e-04 1.762e-03 2.903e-03 3.457e-03 3.312e-03 3.263e-03 3.263e-03 3.263e-03 3.263e-03 3.263e-03 3.263e-03 3.263e-03 3.263e-03
2.620e+00 0.000e+00 0.000e+00 0.000e+00 0.000e+00 7.995e-260 1.532e-179 4.420e-124 8.609e-86 2.223e-59 3.487e-41 1.134e-28 4.316e-20 3.133e-14 2.989e-10 1.425e-07 8.545e-06 1.222e-04 6.479e-04 1.730e-03 2.874e-03 3.441e-03 3.309e-03 3.261e-03 3.261e-03 3.261e-03 3.261e-03 3.261e-03 3.261e-03 3.261e-03 3.261e-03
2.630e+00 0.000e+00 0.000e+00 0.000e+00 0.000e+00 9.084e-262 6.936e-181 5.207e-125 1.965e-86 8.019e-60 1.727e-41 6.988e-29 3.095e-20 2.495e-14 2.559e-10 1.283e-07 7.964e-06 1.166e-04 6.288e-04 1.698e-03 2.844e-03 3.424e-03 3.305e-03 3.259e-03 3.259e-03 3.259e-03 3.259e-03 3.259e-03 3.259e-03 3.259e-03 3.259e-03
2.640e+00 0.000e+00 0.000e+00 0.000e+00 0.000e+00 1.016e-263 3.105e-182 6.087e-126 4.463e-87 2.882e-60 8.527e-42 4.299e-29 2.217e-20 1.985e-14 2.190e-10 1.154e-07 7.420e-06 1.113e-04 6.103e-04 1.667e-03 2.814e-03 3.407e-03 3.301e-03 3.256e-03 3.256e-03 3.256e-03 3.256e-03 3.256e-03 3.256e-03 3.256e-03 3.256e-03
2.650e+00 0.000e+00 0.000e+00 0.000e+00 0.000e+00 1.117e-265 1.375e-183 7.061e-127 1.008e-87 1.032e-60 4.200e-42 2.640e-29 1.586e-20 1.578e-14 1.873e-10 1.038e-07 6.911e-06 1.062e-04 5.921e-04 1.637e-03 2.785e-03 3.390e-03 3.297e-03 3.253e-03 3.253e-03 3.253e-03 3.253e-03 3.253e-03 3.253e-03 3.253e-03 3.253e-03
2.660e+00 0.000e+00 0.000e+00 0.000e+00 0.000e+00 1.209e-267 6.017e-185 8.126e-128 2.264e-88 3.682e-61 2.064e-42 1.619e-29 1.133e-20 1.253e-14 1.600e-10 9.333e-08 6.435e-06 1.013e-04 5.745e-04 1.606e-03 2.755e-03 3.372e-03 3.293e-03 3.250e-03 3.250e-03 3.250e-03 3.250e-03 3.250e-03 3.250e-03 3.250e-03 3.250e-03
2.670e+00 0.000e+00 0.000e+00 0.000e+00 0.000e+00 1.287e-269 2.604e-186 9.280e-129 5.059e-89 1.309e-61 1.011e-42 9.904e-30 8.084e-21 9.946e-15 1.367e-10 8.387e-08 5.991e-06 9.665e-05 5.572e-04 1.576e-03 2.726e-03 3.355e-03 3.288e-03 3.247e-03 3.247e-03 3.247e-03 3.247e-03 3.247e-03 3.247e-03 3.247e-03 3.247e-03
2.680e+00 0.000e+00 0.000e+00 0.000e+00 0.000e+00 1.348e-271 1.115e-187 1.052e-129 1.124e-89 4.634e-62 4.942e-43 6.049e-30 5.761e-21 7.886e-15 1.167e-10 7.534e-08 5.575e-06 9.217e-05 5.404e-04 1.547e-03 2.696e-03 3.337e-03 3.284e-03 3.244e-03 3.244e-03 3.244e-03 3.244e-03 3.244e-03 3.244e-03 3.244e-03 3.244e-03
2.690e+00 0.000e+00 0.000e+00 0.000e+00 0.000e+00 1.389e-273 4.718e-189 1.182e-130 2.485e-90 1.635e-62 2.409e-43 3.688e-30 4.100e-21 6.247e-15 9.954e-11 6.765e-08 5.186e-06 8.787e-05 5.240e-04 1.518e-03 2.667e-03 3.320e-03 3.279e-03 3.240e-03 3.240e-03 3.240e-03 3.240e-03 3.240e-03 3.240e-03 3.240e-03 3.240e-03
2.700e+00 0.000e+00 0.000e+00 0.000e+00 0.000e+00 1.409e-275 1.974e-190 1.319e-131 5.462e-91 5.745e-63 1.171e-43 2.245e-30 2.915e-21 4.944e-15 8.486e-11 6.072e-08 4.823e-06 8.376e-05 5.081e-04 1.489e-03 2.638e-03 3.302e-03 3.274e-03 3.237e-03 3.237e-03 3.237e-03 3.237e-03 3.237e-03 3.237e-03 3.237e-03 3.237e-03
2.710e+00 0.000e+00 0.000e+00 0.000e+00 0.000e+00 1.406e-277 8.170e-192 1.460e-132 1.194e-91 2.012e-63 5.680e-44 1.364e-30 2.069e-21 3.910e-15 7.230e-11 5.447e-08 4.484e-06 7.982e-05 4.925e-04 1.460e-03 2.608e-03 3.284e-03 3.269e-03 3.233e-03 3.233e-03 3.233e-03 3.233e-03 3.233e-03 3.233e-03 3.233e-03 3.233e-03
2.720e+00 0.000e+00 0.000e+00 0.000e+00 0.000e+00 1.380e-279 3.343e-193 1.604e-133 2.597e-92 7.018e-64 2.748e-44 8.270e-31 1.467e-21 3.089e-15 6.156e-11 4.885e-08 4.168e-06 7.604e-05 4.773e-04 1.432e-03 2.579e-03 3.266e-03 3.264e-03 3.229e-03 3.229e-03 3.229e-03 3.229e-03 3.229e-03 3.229e-03 3.229e-03 3.229e-03
2.730e+00 0.000e+00 0.000e+00 0.000e+00 0.000e+00 1.333e-281 1.353e-194 1.748e-134 5.618e-93 2.439e-64 1.326e-44 5.006e-31 1.039e-21 2.439e-15 5.239e-11 4.378e-08 3.872e-06 7.243e-05 4.626e-04 1.405e-03 2.550e-03 3.247e-03 3.258e-03 3.225e-03 3.225e-03 3.225e-03 3.225e-03 3.225e-03 3.225e-03 3.225e-03 3.225e-03
2.740e+00 0.000e+00 0.000e+00 0.000e+00 0.000e+00 1.267e-283 5.412e-196 1.891e-135 1.209e-93 8.445e-65 6.379e-45 3.025e-31 7.350e-22 1.923e-15 4.456e-11 3.923e-08 3.597e-06 6.898e-05 4.482e-04 1.377e-03 2.521e-03 3.229e-03 3.253e-03 3.220e-03 3.220e-03 3.220e-03 3.220e-03 3.220e-03 3.220e-03 3.220e-03 3.220e-03
2.750e+00 0.000e+00 0.000e+00 0.000e+00 0.000e+00 1.185e-285 2.141e-197 2.029e-136 2.587e-94 2.913e-65 3.061e-45 1.824e-31 5.192e-22 1.516e-15 3.787e-11 3.513e-08 3.340e-06 6.568e-05 4.342e-04 1.350e-03 2.493e-03 3.210e-03 3.247e-03 3.216e-03 3.216e-03 3.216e-03 3.216e-03 3.216e-03 3.216e-03 3.216e-03 3.216e-03
2.760e+00 0.000e+00 0.000e+00 0.000e+00 0.000e+00 1.090e-287 8.376e-199 2.160e-137 5.506e-95 1.001e-65 1.466e-45 1.098e-31 3.663e-22 1.193e-15 3.217e-11 3.145e-08 3.101e-06 6.252e-05 4.205e-04 1.324e-03 2.464e-03 3.192e-03 3.241e-03 3.211e-03 3.211e-03 3.211e-03 3.211e-03 3.211e-03 3.211e-03 3.211e-03 3.211e-03
2.770e+00 0.000e+00 0.000e+00 0.000e+00 0.000e+00 9.865e-290 3.240e-200 2.282e-138 1.166e-95 3.428e-66 6.998e-46 6.601e-32 2.581e-22 9.387e-16 2.731e-11 2.814e-08 2.877e-06 5.950e-05 4.073e-04 1.297e-03 2.435e-03 3.173e-03 3.235e-03 3.206e-03 3.206e-03 3.206e-03 3.206e-03 3.206e-03 3.206e-03 3.206e-03 3.206e-03
2.780e+00 0.000e+00 0.000e+00 0.000e+00 0.000e+00 8.786e-292 1.239e-201 2.393e-139 2.454e-96 1.169e-66 3.333e-46 3.960e-32 1.817e-22 7.378e-16 2.316e-11 2.517e-08 2.669e-06 5.661e-05 3.943e-04 1.272e-03 2.407e-03 3.154e-03 3.228e-03 3.201e-03 3.201e-03 3.201e-03 3.201e-03 3.201e-03 3.201e-03 3.201e-03 3.201e-03
2.790e+00 0.000e+00 0.000e+00 0.000e+00 0.000e+00 7.699e-294 4.688e-203 2.489e-140 5.140e-97 3.973e-67 1.583e-46 2.371e-32 1.277e-22 5.794e-16 1.964e-11 2.250e-08 2.476e-06 5.385e-05 3.818e-04 1.246e-03 2.379e-03 3.135e-03 3.222e-03 3.196e-03 3.196e-03 3.196e-03 3.196e-03 3.196e-03 3.196e-03 3.196e-03 3.196e-03
2.800e+00 0.000e+00 0.000e+00 0.000e+00 0.000e+00 6.639e-296 1.754e-204 2.569e-141 1.071e-97 1.345e-67 7.500e-47 1.417e-32 8.964e-23 4.546e-16 1.664e-11 2.011e-08 2.295e-06 5.122e-05 3.695e-04 1.221e-03 2.350e-03 3.116e-03 3.215e-03 3.190e-03 3.190e-03 3.190e-03 3.190e-03 3.190e-03 3.190e-03 3.190e-03 3.190e-03
2.810e+00 0.000e+00 0.000e+00 0.000e+00 0.000e+00 5.632e-298 6.486e-206 2.631e-142 2.218e-98 4.538e-68 3.544e-47 8.457e-33 6.285e-23 3.563e-16 1.409e-11 1.796e-08 2.127e-06 4.870e-05 3.577e-04 1.196e-03 2.322e-03 3.097e-03 3.208e-03 3.185e-03 3.185e-03 3.185e-03 3.185e-03 3.185e-03 3.185e-03 3.185e-03 3.185e-03
2.820e+00 0.000e+00 0.000e+00 0.000e+00 0.000e+00 4.701e-300 2.372e-207 2.674e-143 4.572e-99 1.525e-68 1.670e-47 5.037e-33 4.401e-23 2.791e-16 1.193e-11 1.604e-08 1.971e-06 4.630e-05 3.461e-04 1.172e-03 2.294e-03 3.077e-03 3.201e-03 3.179e-03 3.179e-03 3.179e-03 3.179e-03 3.179e-03 3.179e-03 3.179e-03 3.179e-03
2.830e+00 0.000e+00 0.000e+00 0.000e+00 0.000e+00 3.861e-302 8.579e-209 2.697e-144 9.371e-100 5.106e-69 7.853e-48 2.995e-33 3.078e-23 2.184e-16 1.009e-11 1.431e-08 1.826e-06 4.400e-05 3.348e-04 1.148e-03 2.266e-03 3.058e-03 3.194e-03 3.173e-03 3.173e-03 3.173e-03 3.173e-03 3.173e-03 3.173e-03 3.173e-03 3.173e-03
2.840e+00 0.000e+00 0.000e+00 0.000e+00 0.000e+00 3.120e-304 3.068e-210 2.698e-145 1.910e-100 1.703e-69 3.682e-48 1.777e-33 2.150e-23 1.708e-16 8.526e-12 1.277e-08 1.691e-06 4.181e-05 3.239e-04 1.124e-03 2.239e-03 3.039e-03 3.187e-03 3.167e-03 3.167e-03 3.167e-03 3.167e-03 3.167e-03 3.167e-03 3.167e-03 3.167e-03
2.850e+00 0.000e+00 0.000e+00 0.000e+00 0.000e+00 2.481e-306 1.085e-211 2.679e-146 3.874e-101 5.660e-70 1.722e-48 1.053e-33 1.500e-23 1.334e-16 7.202e-12 1.139e-08 1.565e-06 3.973e-05 3.133e-04 1.101e-03 2.211e-03 3.019e-03 3.179e-03 3.161e-03 3.161e-03 3.161e-03 3.161e-03 3.161e-03 3.161e-03 3.161e-03 3.161e-03
2.860e+00 0.000e+00 0.000e+00 0.000e+00 0.000e+00 1.941e-308 3.795e-213 2.639e-147 7.814e-102 1.874e-70 8.034e-49 6.226e-34 1.045e-23 1.041e-16 6.081e-12 1.015e-08 1.449e-06 3.773e-05 3.030e-04 1.078e-03 2.184e-03 2.999e-03 3.172e-03 3.154e-03 3.154e-03 3.154e-03 3.154e-03 3.154e-03 3.154e-03 3.154e-03 3.154e-03
2.870e+00 0.000e+00 0.000e+00 0.000e+00 0.000e+00 1.494e-310 1.312e-214 2.580e-148 1.568e-102 6.181e-71 3.738e-49 3.675e-34 7.272e-24 8.119e-17 5.130e-12 9.043e-09 1.340e-06 3.583e-05 2.929e-04 1.055e-03 2.156e-03 2.980e-03 3.164e-03 3.148e-03 3.148e-03 3.148e-03 3.148e-03 3.148e-03 3.148e-03 3.148e-03 3.148e-03
2.880e+00 0.000e+00 0.000e+00 0.000e+00 0.000e+00 1.132e-312 4.487e-216 2.503e-149 3.128e-103 2.031e-71 1.735e-49 2.165e-34 5.054e-24 6.326e-17 4.326e-12 8.054e-09 1.240e-06 3.402e-05 2.832e-04 1.033e-03 2.129e-03 2.960e-03 3.156e-03 3.141e-03 3.141e-03 3.141e-03 3.141e-03 3.141e-03 3.141e-03 3.141e-03 3.141e-03
2.890e+00 0.000e+00 0.000e+00 0.000e+00 0.000e+00 8.437e-315 1.517e-217 2.409e-150 6.208e-104 6.651e-72 8.030e-50 1.274e-34 3.508e-24 4.924e-17 3.645e-12 7.169e-09 1.146e-06 3.229e-05 2.737e-04 1.011e-03 2.102e-03 2.940e-03 3.148e-03 3.134e-03 3.134e-03 3.134e-03 3.134e-03 3.134e-03 3.134e-03 3.134e-03 3.134e-03
2.900e+00 0.000e+00 0.000e+00 0.000e+00 0.000e+00 6.187e-317 5.074e-219 2.301e-151 1.226e-104 2.169e-72 3.707e-50 7.477e-35 2.432e-24 3.830e-17 3.070e-12 6.379e-09 1.059e-06 3.064e-05 2.645e-04 9.896e-04 2.076e-03 2.920e-03 3.140e-03 3.127e-03 3.127e-03 3.127e-03 3.127e-03 3.127e-03 3.127e-03 3.127e-03 3.127e-03
2.910e+00 0.000e+00 0.000e+00 0.000e+00 0.000e+00 4.466e-319 1.678e-220 2.181e-152 2.406e-105 7.050e-73 1.707e-50 4.382e-35 1.684e-24 2.976e-17 2.584e-12 5.674e-09 9.790e-07 2.907e-05 2.556e-04 9.684e-04 2.049e-03 2.900e-03 3.131e-03 3.120e-03 3.120e-03 3.120e-03 3.120e-03 3.120e-03 3.120e-03 3.120e-03 3.120e-03
2.920e+00 0.000e+00 0.000e+00 0.000e+00 0.000e+00 3.246e-321 5.486e-222 2.051e-153 4.699e-106 2.283e-73 7.841e-51 2.564e-35 1.165e-24 2.311e-17 2.173e-12 5.044e-09 9.044e-07 2.758e-05 2.470e-04 9.475e-04 2.023e-03 2.880e-03 3.123e-03 3.113e-03 3.113e-03 3.113e-03 3.113e-03 3.113e-03 3.113e-03 3.113e-03 3.113e-03
2.930e+00 0.000e+00 0.000e+00 0.000e+00 0.000e+00 0.000e+00 1.774e-223 1.914e-154 9.129e-107 7.363e-74 3.592e-51 1.497e-35 8.045e-25 1.793e-17 1.827e-12 4.483e-09 8.352e-07 2.616e-05 2.386e-04 9.270e-04 1.996e-03 2.860e-03 3.114e-03 3.105e-03 3.105e-03 3.105e-03 3.105e-03 3.105e-03 3.105e-03 3.105e-03 3.105e-03
2.940e+00 0.000e+00 0.000e+00 0.000e+00 0.000e+00 0.000e+00 5.672e-225 1.772e-155 1.764e-107 2.366e-74 1.642e-51 8.726e-36 5.550e-25 1.389e-17 1.535e-12 3.982e-09 7.711e-07 2.480e-05 2.304e-04 9.068e-04 1.970e-03 2.840e-03 3.105e-03 3.098e-03 3.098e-03 3.098e-03 3.098e-03 3.098e-03 3.098e-03 3.098e-03 3.098e-03
2.950e+00 0.000e+00 0.000e+00 0.000e+00 0.000e+00 0.000e+00 1.793e-226 1.628e-156 3.390e-108 7.577e-75 7.482e-52 5.078e-36 3.824e-25 1.076e-17 1.289e-12 3.536e-09 7.116e-07 2.351e-05 2.225e-04 8.870e-04 1.944e-03 2.820e-03 3.096e-03 3.090e-03 3.090e-03 3.090e-03 3.090e-03 3.090e-03 3.090e-03 3.090e-03 3.090e-03
2.960e+00 0.000e+00 0.000e+00 0.000e+00 0.000e+00 0.000e+00 5.607e-228 1.485e-157 6.480e-109 2.417e-75 3.401e-52 2.949e-36 2.631e-25 8.325e-18 1.081e-12 3.138e-09 6.566e-07 2.228e-05 2.148e-04 8.675e-04 1.918e-03 2.800e-03 3.087e-03 3.082e-03 3.082e-03 3.082e-03 3.082e-03 3.082e-03 3.082e-03 3.082e-03 3.082e-03
2.970e+00 0.000e+00 0.000e+00 0.000e+00 0.000e+00 0.000e+00 1.734e-229 1.343e-158 1.232e-109 7.681e-76 1.542e-52 1.710e-36 1.808e-25 6.436e-18 9.069e-13 2.784e-09 6.056e-07 2.111e-05 2.074e-04 8.483e-04 1.893e-03 2.779e-03 3.078e-03 3.074e-03 3.074e-03 3.074e-03 3.074e-03 3.074e-03 3.074e-03 3.074e-03 3.074e-03
2.980e+00 0.000e+00 0.000e+00 0.000e+00 0.000e+00 0.000e+00 5.301e-231 1.206e-159 2.330e-110 2.432e-76 6.975e-53 9.897e-37 1.241e-25 4.971e-18 7.600e-13 2.469e-09 5.584e-07 2.000e-05 2.002e-04 8.295e-04 1.867e-03 2.759e-03 3.068e-03 3.066e-03 3.066e-03 3.066e-03 3.066e-03 3.066e-03 3.066e-03 3.066e-03 3.066e-03
2.990e+00 0.000e+00 0.000e+00 0.000e+00 0.000e+00 0.000e+00 1.603e-232 1.074e-160 4.382e-111 7.672e-77 3.146e-53 5.717e-37 8.509e-26 3.836e-18 6.366e-13 2.188e-09 5.148e-07 1.894e-05 1.932e-04 8.110e-04 1.842e-03 2.739e-03 3.059e-03 3.058e-03 3.058e-03 3.058e-03 3.058e-03 3.058e-03 3.058e-03 3.058e-03 3.058e-03
3.000e+00 0.000e+00 0.000e+00 0.000e+00 0.000e+00 0.000e+00 4.792e-234 9.495e-162 8.199e-112 2.411e-77 1.416e-53 3.297e-37 5.826e-26 2.958e-18 5.329e-13 1.939e-09 4.744e-07 1.794e-05 1.864e-04 7.928e-04 1.817e-03 2.718e-03 3.049e-03 3.050e-03 3.050e-03 3.050e-03 3.050e-03 3.050e-03 3.050e-03 3.050e-03 3.050e-03
3.010e+00 0.000e+00 0.000e+00 0.000e+00 0.000e+00 0.000e+00 1.417e-235 8.328e-163 1.526e-112 7.550e-78 6.353e-54 1.898e-37 3.984e-26 2.279e-18 4.458e-13 1.717e-09 4.370e-07 1.698e-05 1.799e-04 7.749e-04 1.792e-03 2.698e-03 3.040e-03 3.041e-03 3.041e-03 3.041e-03 3.041e-03 3.041e-03 3.041e-03 3.041e-03 3.041e-03
3.020e+00 0.000e+00 0.000e+00 0.000e+00 0.000e+00 0.000e+00 4.143e-237 7.249e-164 2.824e-113 2.355e-78 2.844e-54 1.091e-37 2.721e-26 1.754e-18 3.727e-13 1.520e-09 4.025e-07 1.608e-05 1.735e-04 7.574e-04 1.768e-03 2.678e-03 3.030e-03 3.032e-03 3.032e-03 3.032e-03 3.032e-03 3.032e-03 3.032e-03 3.032e-03 3.032e-03
3.030e+00 0.000e+00 0.000e+00 0.000e+00 0.000e+00 0.000e+00 1.198e-238 6.260e-165 5.200e-114 7.321e-79 1.270e-54 6.256e-38 1.856e-26 1.349e-18 3.114e-13 1.345e-09 3.706e-07 1.521e-05 1.673e-04 7.401e-04 1.743e-03 2.657e-03 3.020e-03 3.024e-03 3.024e-03 3.024e-03 3.024e-03 3.024e-03 3.024e-03 3.024e-03 3.024e-03
3.040e+00 0.000e+00 0.000e+00 0.000e+00 0.000e+00 0.000e+00 3.425e-240 5.365e-166 9.523e-115 2.267e-79 5.654e-55 3.582e-38 1.265e-26 1.036e-18 2.600e-13 1.190e-09 3.411e-07 1.439e-05 1.614e-04 7.232e-04 1.719e-03 2.637e-03 3.010e-03 3.015e-03 3.015e-03 3.015e-03 3.015e-03 3.015e-03 3.015e-03 3.015e-03 3.015e-03
3.050e+00 0.000e+00 0.000e+00 0.000e+00 0.000e+00 0.000e+00 9.685e-242 4.563e-167 1.735e-115 6.994e-80 2.512e-55 2.047e-38 8.607e-27 7.957e-19 2.170e-13 1.052e-09 3.139e-07 1.362e-05 1.556e-04 7.065e-04 1.695e-03 2.616e-03 2.999e-03 3.006e-03 3.006e-03 3.006e-03 3.006e-03 3.006e-03 3.006e-03 3.006e-03 3.006e-03
3.060e+00 0.000e+00 0.000e+00 0.000e+00 0.000e+00 0.000e+00 2.708e-243 3.850e-168 3.143e-116 2.150e-80 1.113e-55 1.168e-38 5.849e-27 6.104e-19 1.810e-13 9.296e-10 2.887e-07 1.288e-05 1.500e-04 6.902e-04 1.671e-03 2.596e-03 2.989e-03 2.996e-03 2.996e-03 2.996e-03 2.996e-03 2.996e-03 2.996e-03 2.996e-03 2.996e-03
3.070e+00 0.000e+00 0.000e+00 0.000e+00 0.000e+00 0.000e+00 7.488e-245 3.224e-169 5.664e-117 6.583e-81 4.917e-56 6.653e-39 3.970e-27 4.678e-19 1.509e-13 8.212e-10 2.655e-07 1.218e-05 1.446e-04 6.742e-04 1.647e-03 2.575e-03 2.978e-03 2.987e-03 2.987e-03 2.987e-03 2.987e-03 2.987e-03 2.987e-03 2.987e-03 2.987e-03
3.080e+00 0.000e+00 0.000e+00 0.000e+00 0.000e+00 0.000e+00 2.048e-246 2.679e-170 1.015e-117 2.008e-81 2.167e-56 3.782e-39 2.692e-27 3.582e-19 1.257e-13 7.252e-10 2.441e-07 1.151e-05 1.393e-04 6.585e-04 1.624e-03 2.555e-03 2.968e-03 2.978e-03 2.978e-03 2.978e-03 2.978e-03 2.978e-03 2.978e-03 2.978e-03 2.978e-03
3.090e+00 0.000e+00 0.000e+00 0.000e+00 0.000e+00 0.000e+00 5.537e-248 2.209e-171 1.810e-118 6.105e-82 9.528e-57 2.146e-39 1.822e-27 2.740e-19 1.046e-13 6.400e-10 2.243e-07 1.088e-05 1.343e-04 6.431e-04 1.600e-03 2.534e-03 2.957e-03 2.968e-03 2.968e-03 2.968e-03 2.968e-03 2.968e-03 2.968e-03 2.968e-03 2.968e-03
3.100e+00 0.000e+00 0.000e+00 0.000e+00 0.000e+00 0.000e+00 1.481e-249 1.807e-172 3.210e-119 1.849e-82 4.178e-57 1.216e-39 1.232e-27 2.095e-19 8.705e-14 5.647e-10 2.061e-07 1.028e-05 1.293e-04 6.279e-04 1.577e-03 2.514e-03 2.946e-03 2.959e-03 2.959e-03 2.959e-03 2.959e-03 2.959e-03 2.959e-03 2.959e-03 2.959e-03
3.110e+00 0.000e+00 0.000e+00 0.000e+00 0.000e+00 0.000e+00 3.915e-251 1.467e-173 5.663e-120 5.578e-83 1.828e-57 6.875e-40 8.324e-28 1.600e-19 7.239e-14 4.980e-10 1.893e-07 9.710e-06 1.246e-04 6.131e-04 1.554e-03 2.493e-03 2.935e-03 2.949e-03 2.949e-03 2.949e-03 2.949e-03 2.949e-03 2.949e-03 2.949e-03 2.949e-03
3.120e+00 0.000e+00 0.000e+00 0.000e+00 0.000e+00 0.000e+00 1.024e-252 1.182e-174 9.936e-121 1.677e-83 7.973e-58 3.881e-40 5.615e-28 1.221e-19 6.015e-14 4.390e-10 1.738e-07 9.172e-06 1.200e-04 5.985e-04 1.532e-03 2.473e-03 2.924e-03 2.939e-03 2.939e-03 2.939e-03 2.939e-03 2.939e-03 2.939e-03 2.939e-03 2.939e-03
3.130e+00 0.000e+00 0.000e+00 0.000e+00 0.000e+00 0.000e+00 2.648e-254 9.451e-176 1.734e-121 5.022e-84 3.469e-58 2.187e-40 3.783e-28 9.308e-20 4.996e-14 3.868e-10 1.596e-07 8.661e-06 1.156e-04 5.842e-04 1.509e-03 2.452e-03 2.913e-03 2.929e-03 2.929e-03 2.929e-03 2.929e-03 2.929e-03 2.929e-03 2.929e-03 2.929e-03
3.140e+00 0.000e+00 0.000e+00 0.000e+00 0.000e+00 0.000e+00 6.771e-256 7.497e-177 3.010e-122 1.499e-84 1.506e-58 1.230e-40 2.546e-28 7.090e-20 4.147e-14 3.407e-10 1.464e-07 8.177e-06 1.113e-04 5.702e-04 1.487e-03 2.432e-03 2.902e-03 2.919e-03 2.919e-03 2.919e-03 2.919e-03 2.919e-03 2.919e-03 2.919e-03 2.919e-03
3.150e+00 0.000e+00 0.000e+00 0.000e+00 0.000e+00 0.000e+00 1.713e-257 5.902e-178 5.197e-123 4.455e-85 6.519e-59 6.905e-41 1.711e-28 5.397e-20 3.440e-14 2.999e-10 1.343e-07 7.718e-06 1.071e-04 5.565e-04 1.465e-03 2.412e-03 2.890e-03 2.909e-03 2.909e-03 2.909e-03 2.909e-03 2.909e-03 2.909e-03 2.909e-03 2.909e-03
3.160e+00 0.000e+00 0.000e+00 0.000e+00 0.000e+00 0.000e+00 4.283e-259 4.610e-179 8.926e-124 1.320e-85 2.815e-59 3.870e-41 1.148e-28 4.104e-20 2.852e-14 2.640e-10 1.232e-07 7.284e-06 1.031e-04 5.430e-04 1.443e-03 2.391e-03 2.879e-03 2.898e-03 2.898e-03 2.898e-03 2.898e-03 2.898e-03 2.898e-03 2.898e-03 2.898e-03
3.170e+00 0.000e+00 0.000e+00 0.000e+00 0.000e+00 0.000e+00 1.059e-260 3.574e-180 1.525e-124 3.894e-86 1.212e-59 2.165e-41 7.700e-29 3.118e-20 2.363e-14 2.322e-10 1.130e-07 6.872e-06 9.923e-05 5.298e-04 1.421e-03 2.371e-03 2.867e-03 2.888e-03 2.888e-03 2.888e-03 2.888e-03 2.888e-03 2.888e-03 2.888e-03 2.888e-03
3.180e+00 0.000e+00 0.000e+00 0.000e+00 0.000e+00 0.000e+00 2.591e-262 2.749e-181 2.591e-125 1.145e-86 5.208e-60 1.209e-41 5.156e-29 2.367e-20 1.956e-14 2.042e-10 1.035e-07 6.483e-06 9.548e-05 5.168e-04 1.400e-03 2.350e-03 2.856e-03 2.877e-03 2.877e-03 2.877e-03 2.877e-03 2.877e-03 2.877e-03 2.877e-03 2.877e-03
3.190e+00 0.000e+00 0.000e+00 0.000e+00 0.000e+00 0.000e+00 6.267e-264 2.098e-182 4.379e-126 3.353e-87 2.232e-60 6.741e-42 3.448e-29 1.795e-20 1.619e-14 1.794e-10 9.488e-08 6.114e-06 9.187e-05 5.042e-04 1.379e-03 2.330e-03 2.844e-03 2.867e-03 2.867e-03 2.867e-03 2.867e-03 2.867e-03 2.867e-03 2.867e-03 2.867e-03
3.200e+00 0.000e+00 0.000e+00 0.000e+00 0.000e+00 0.000e+00 1.499e-265 1.589e-183 7.362e-127 9.786e-88 9.538e-61 3.751e-42 2.303e-29 1.361e-20 1.339e-14 1.576e-10 8.691e-08 5.765e-06 8.837e-05 4.917e-04 1.358e-03 2.310e-03 2.832e-03 2.856e-03 2.856e-03 2.856e-03 2.856e-03 2.856e-03 2.856e-03 2.856e-03 2.856e-03
3.210e+00 0.000e+00 0.000e+00 0.000e+00 0.000e+00 0.000e+00 3.546e-267 1.194e-184 1.231e-127 2.845e-88 4.066e-61 2.084e-42 1.536e-29 1.030e-20 1.107e-14 1.384e-10 7.959e-08 5.435e-06 8.500e-05 4.796e-04 1.337e-03 2.289e-03 2.820e-03 2.845e-03 2.845e-03 2.845e-03 2.845e-03 2.845e-03 2.845e-03 2.845e-03 2.845e-03
3.220e+00 0.000e+00 0.000e+00 0.000e+00 0.000e+00 0.000e+00 8.296e-269 8.909e-186 2.048e-128 8.242e-89 1.729e-61 1.155e-42 1.024e-29 7.794e-21 9.140e-15 1.215e-10 7.286e-08 5.122e-06 8.174e-05 4.677e-04 1.316e-03 2.269e-03 2.808e-03 2.834e-03 2.834e-03 2.834e-03 2.834e-03 2.834e-03 2.834e-03 2.834e-03 2.834e-03
3.230e+00 0.000e+00 0.000e+00 0.000e+00 0.000e+00 0.000e+00 1.919e-270 6.593e-187 3.388e-129 2.379e-89 7.332e-62 6.395e-43 6.812e-30 5.891e-21 7.545e-15 1.066e-10 6.669e-08 4.827e-06 7.859e-05 4.560e-04 1.296e-03 2.249e-03 2.796e-03 2.823e-03 2.823e-03 2.823e-03 2.823e-03 2.823e-03 2.823e-03 2.823e-03 2.823e-03
3.240e+00 0.000e+00 0.000e+00 0.000e+00 0.000e+00 0.000e+00 4.391e-272 4.842e-188 5.575e-130 6.840e-90 3.102e-62 3.533e-43 4.527e-30 4.449e-21 6.225e-15 9.351e-11 6.101e-08 4.547e-06 7.556e-05 4.446e-04 1.276e-03 2.229e-03 2.784e-03 2.812e-03 2.812e-03 2.812e-03 2.812e-03 2.812e-03 2.812e-03 2.812e-03 2.812e-03
3.250e+00 0.000e+00 0.000e+00 0.000e+00 0.000e+00 0.000e+00 9.935e-274 3.529e-189 9.126e-131 1.960e-90 1.309e-62 1.949e-43 3.005e-30 3.357e-21 5.133e-15 8.198e-11 5.581e-08 4.283e-06 7.263e-05 4.334e-04 1.256e-03 2.209e-03 2.772e-03 2.801e-03 2.801e-03 2.801e-03 2.801e-03 2.801e-03 2.801e-03 2.801e-03 2.801e-03
3.260e+00 0.000e+00 0.000e+00 0.000e+00 0.000e+00 0.000e+00 2.223e-275 2.552e-190 1.486e-131 5.594e-91 5.508e-63 1.073e-43 1.992e-30 2.531e-21 4.230e-15 7.184e-11 5.103e-08 4.033e-06 6.980e-05 4.224e-04 1.236e-03 2.189e-03 2.759e-03 2.790e-03 2.790e-03 2.790e-03 2.790e-03 2.790e-03 2.790e-03 2.790e-03 2.790e-03
3.270e+00 0.000e+00 0.000e+00 0.000e+00 0.000e+00 0.000e+00 4.919e-277 1.832e-191 2.406e-132 1.591e-91 2.312e-63 5.897e-44 1.319e-30 1.907e-21 3.483e-15 6.293e-11 4.665e-08 3.798e-06 6.707e-05 4.117e-04 1.216e-03 2.169e-03 2.747e-03 2.779e-03 2.779e-03 2.779e-03 2.779e-03 2.779e-03 2.779e-03 2.779e-03 2.779e-03
3.280e+00 0.000e+00 0.000e+00 0.000e+00 0.000e+00 0.000e+00 1.076e-278 1.304e-192 3.877e-133 4.507e-92 9.683e-64 3.235e-44 8.725e-31 1.435e-21 2.867e-15 5.510e-11 4.263e-08 3.575e-06 6.444e-05 4.012e-04 1.197e-03 2.149e-03 2.734e-03 2.767e-03 2.767e-03 2.767e-03 2.767e-03 2.767e-03 2.767e-03 2.767e-03 2.767e-03
3.290e+00 0.000e+00 0.000e+00 0.000e+00 0.000e+00 0.000e+00 2.329e-280 9.218e-194 6.212e-134 1.272e-92 4.044e-64 1.772e-44 5.764e-31 1.079e-21 2.358e-15 4.822e-11 3.895e-08 3.364e-06 6.191e-05 3.909e-04 1.178e-03 2.129e-03 2.722e-03 2.756e-03 2.756e-03 2.756e-03 2.756e-03 2.756e-03 2.756e-03 2.756e-03 2.756e-03
3.300e+00 0.000e+00 0.000e+00 0.000e+00 0.000e+00 0.000e+00 4.985e-282 6.464e-195 9.900e-135 3.578e-93 1.685e-64 9.685e-45 3.802e-31 8.108e-22 1.939e-15 4.219e-11 3.557e-08 3.165e-06 5.946e-05 3.808e-04 1.159e-03 2.109e-03 2.709e-03 2.744e-03 2.744e-03 2.744e-03 2.744e-03 2.744e-03 2.744e-03 2.744e-03 2.744e-03
3.310e+00 0.000e+00 0.000e+00 0.000e+00 0.000e+00 0.000e+00 1.055e-283 4.498e-196 1.570e-135 1.003e-93 7.000e-65 5.285e-45 2.505e-31 6.087e-22 1.593e-15 3.689e-11 3.248e-08 2.978e-06 5.711e-05 3.710e-04 1.140e-03 2.089e-03 2.696e-03 2.732e-03 2.732e-03 2.732e-03 2.732e-03 2.732e-03 2.732e-03 2.732e-03 2.732e-03
3.320e+00 0.000e+00 0.000e+00 0.000e+00 0.000e+00 0.000e+00 2.208e-285 3.106e-197 2.475e-136 2.799e-94 2.901e-65 2.879e-45 1.649e-31 4.566e-22 1.308e-15 3.225e-11 2.964e-08 2.801e-06 5.483e-05 3.614e-04 1.122e-03 2.069e-03 2.683e-03 2.720e-03 2.720e-03 2.720e-03 2.720e-03 2.720e-03 2.720e-03 2.720e-03 2.720e-03
3.330e+00 0.000e+00 0.000e+00 0.000e+00 0.000e+00 0.000e+00 4.571e-287 2.129e-198 3.882e-137 7.786e-95 1.199e-65 1.566e-45 1.084e-31 3.421e-22 1.073e-15 2.817e-11 2.705e-08 2.634e-06 5.264e-05 3.520e-04 1.103e-03 2.050e-03 2.671e-03 2.709e-03 2.709e-03 2.709e-03 2.709e-03 2.709e-03 2.709e-03 2.709e-03 2.709e-03
3.340e+00 0.000e+00 0.000e+00 0.000e+00 0.000e+00 0.000e+00 9.357e-289 1.448e-199 6.057e-138 2.158e-95 4.945e-66 8.498e-46 7.115e-32 2.562e-22 8.800e-16 2.461e-11 2.468e-08 2.476e-06 5.053e-05 3.428e-04 1.085e-03 2.030e-03 2.658e-03 2.697e-03 2.697e-03 2.697e-03 2.697e-03 2.697e-03 2.697e-03 2.697e-03 2.697e-03
3.350e+00 0.000e+00 0.000e+00 0.000e+00 0.000e+00 0.000e+00 1.894e-290 9.768e-201 9.400e-139 5.957e-96 2.034e-66 4.604e-46 4.665e-32 1.917e-22 7.213e-16 2.148e-11 2.250e-08 2.327e-06 4.850e-05 3.338e-04 1.067e-03 2.010e-03 2.645e-03 2.685e-03 2.685e-03 2.685e-03 2.685e-03 2.685e-03 2.685e-03 2.685e-03 2.685e-03
3.360e+00 0.000e+00 0.000e+00 0.000e+00 0.000e+00 0.000e+00 3.792e-292 6.541e-202 1.451e-139 1.639e-96 8.344e-67 2.490e-46 3.055e-32 1.433e-22 5.908e-16 1.875e-11 2.052e-08 2.187e-06 4.654e-05 3.250e-04 1.050e-03 1.991e-03 2.632e-03 2.673e-03 2.673e-03 2.673e-03 2.673e-03 2.673e-03 2.673e-03 2.673e-03 2.673e-03
3.370e+00 0.000e+00 0.000e+00 0.000e+00 0.000e+00 0.000e+00 7.509e-294 4.347e-203 2.228e-140 4.491e-97 3.414e-67 1.345e-46 1.998e-32 1.070e-22 4.836e-16 1.635e-11 1.870e-08 2.055e-06 4.466e-05 3.164e-04 1.032e-03 1.971e-03 2.618e-03 2.661e-03 2.661e-03 2.661e-03 2.661e-03 2.661e-03 2.661e-03 2.661e-03 2.661e-03
3.380e+00 0.000e+00 0.000e+00 0.000e+00 0.000e+00 0.000e+00 1.470e-295 2.866e-204 3.403e-141 1.226e-97 1.394e-67 7.247e-47 1.305e-32 7.984e-23 3.957e-16 1.426e-11 1.704e-08 1.930e-06 4.284e-05 3.080e-04 1.015e-03 1.952e-03 2.605e-03 2.648e-03 2.648e-03 2.648e-03 2.648e-03 2.648e-03 2.648e-03 2.648e-03 2.648e-03
3.390e+00 0.000e+00 0.000e+00 0.000e+00 0.000e+00 0.000e+00 2.847e-297 1.876e-205 5.170e-142 3.337e-98 5.673e-68 3.899e-47 8.516e-33 5.952e-23 3.235e-16 1.243e-11 1.552e-08 1.813e-06 4.109e-05 2.998e-04 9.980e-04 1.933e-03 2.592e-03 2.636e-03 2.636e-03 2.636e-03 2.636e-03 2.636e-03 2.636e-03 2.636e-03 2.636e-03
3.400e+00 0.000e+00 0.000e+00 0.000e+00 0.000e+00 0.000e+00 5.452e-299 1.218e-206 7.813e-143 9.044e-99 2.304e-68 2.094e-47 5.549e-33 4.434e-23 2.644e-16 1.082e-11 1.413e-08 1.702e-06 3.941e-05 2.917e-04 9.811e-04 1.913e-03 2.579e-03 2.624e-03 2.624e-03 2.624e-03 2.624e-03 2.624e-03 2.624e-03 2.624e-03 2.624e-03
3.410e+00 0.000e+00 0.000e+00 0.000e+00 0.000e+00 0.000e+00 1.033e-300 7.848e-208 1.174e-143 2.442e-99 9.330e-69 1.123e-47 3.612e-33 3.300e-23 2.159e-16 9.426e-12 1.287e-08 1.598e-06 3.779e-05 2.839e-04 9.645e-04 1.894e-03 2.565e-03 2.611e-03 2.611e-03 2.611e-03 2.611e-03 2.611e-03 2.611e-03 2.611e-03 2.611e-03
3.420e+00 0.000e+00 0.000e+00 0.000e+00 0.000e+00 0.000e+00 1.934e-302 5.019e-209 1.756e-144 6.572e-100 3.769e-69 6.007e-48 2.348e-33 2.454e-23 1.762e-16 8.205e-12 1.171e-08 1.500e-06 3.623e-05 2.762e-04 9.481e-04 1.875e-03 2.552e-03 2.599e-03 2.599e-03 2.599e-03 2.599e-03 2.599e-03 2.599e-03 2.599e-03 2.599e-03
3.430e+00 0.000e+00 0.000e+00 0.000e+00 0.000e+00 0.000e+00 3.583e-304 3.185e-210 2.611e-145 1.762e-100 1.519e-69 3.209e-48 1.524e-33 1.824e-23 1.437e-16 7.139e-12 1.065e-08 1.407e-06 3.473e-05 2.687e-04 9.319e-04 1.856e-03 2.539e-03 2.586e-03 2.586e-03 2.586e-03 2.586e-03 2.586e-03 2.586e-03 2.586e-03 2.586e-03
3.440e+00 0.000e+00 0.000e+00 0.000e+00 0.000e+00 0.000e+00 6.564e-306 2.005e-211 3.863e-146 4.706e-101 6.105e-70 1.711e-48 9.884e-34 1.354e-23 1.172e-16 6.209e-12 9.689e-09 1.320e-06 3.329e-05 2.614e-04 9.159e-04 1.837e-03 2.525e-03 2.574e-03 2.574e-03 2.574e-03 2.574e-03 2.574e-03 2.574e-03 2.574e-03 2.574e-03
3.450e+00 0.000e+00 0.000e+00 0.000e+00 0.000e+00 0.000e+00 1.189e-307 1.253e-212 5.685e-147 1.252e-101 2.448e-70 9.109e-49 6.401e-34 1.004e-23 9.546e-17 5.398e-12 8.810e-09 1.238e-06 3.190e-05 2.543e-04 9.001e-04 1.819e-03 2.511e-03 2.561e-03 2.561e-03 2.561e-03 2.561e-03 2.561e-03 2.561e-03 2.561e-03 2.561e-03
3.460e+00 0.000e+00 0.000e+00 0.000e+00 0.000e+00 0.000e+00 2.131e-309 7.771e-214 8.321e-148 3.320e-102 9.788e-71 4.840e-49 4.141e-34 7.442e-24 7.773e-17 4.691e-12 8.009e-09 1.161e-06 3.057e-05 2.473e-04 8.845e-04 1.800e-03 2.498e-03 2.549e-03 2.549e-03 2.549e-03 2.549e-03 2.549e-03 2.549e-03 2.549e-03 2.549e-03
3.470e+00 0.000e+00 0.000e+00 0.000e+00 0.000e+00 0.000e+00 3.775e-311 4.782e-215 1.211e-148 8.770e-103 3.904e-71 2.568e-49 2.675e-34 5.510e-24 6.325e-17 4.074e-12 7.278e-09 1.089e-06 2.929e-05 2.405e-04 8.690e-04 1.781e-03 2.484e-03 2.536e-03 2.536e-03 2.536e-03 2.536e-03 2.536e-03 2.536e-03 2.536e-03 2.536e-03
3.480e+00 0.000e+00 0.000e+00 0.000e+00 0.000e+00 0.000e+00 6.616e-313 2.920e-216 1.755e-149 2.308e-103 1.553e-71 1.360e-49 1.726e-34 4.077e-24 5.144e-17 3.538e-12 6.612e-09 1.020e-06 2.806e-05 2.339e-04 8.538e-04 1.763e-03 2.471e-03 2.523e-03 2.523e-03 2.523e-03 2.523e-03 2.523e-03 2.523e-03 2.523e-03 2.523e-03
3.490e+00 0.000e+00 0.000e+00 0.000e+00 0.000e+00 0.000e+00 1.147e-314 1.770e-217 2.528e-150 6.053e-104 6.164e-72 7.186e-50 1.112e-34 3.014e-24 4.181e-17 3.070e-12 6.005e-09 9.564e-07 2.687e-05 2.274e-04 8.388e-04 1.744e-03 2.457e-03 2.510e-03 2.510e-03 2.510e-03 2.510e-03 2.510e-03 2.510e-03 2.510e-03 2.510e-03
3.500e+00 0.000e+00 0.000e+00 0.000e+00 0.000e+00 0.000e+00 1.965e-316 1.064e-218 3.622e-151 1.581e-104 2.440e-72 3.791e-50 7.161e-35 2.226e-24 3.396e-17 2.664e-12 5.452e-09 8.961e-07 2.573e-05 2.210e-04 8.240e-04 1.726e-03 2.443e-03 2.497e-03 2.497e-03 2.497e-03 2.497e-03 2.497e-03 2.497e-03 2.497e-03 2.497e-03
3.510e+00 0.000e+00 0.000e+00 0.000e+00 0.000e+00 0.000e+00 3.332e-318 6.351e-220 5.162e-152 4.116e-105 9.633e-73 1.997e-50 4.603e-35 1.642e-24 2.757e-17 2.310e-12 4.949e-09 8.395e-07 2.464e-05 2.149e-04 8.094e-04 1.707e-03 2.429e-03 2.484e-03 2.484e-03 2.484e-03 2.484e-03 2.484e-03 2.484e-03 2.484e-03 2.484e-03
3.520e+00 0.000e+00 0.000e+00 0.000e+00 0.000e+00 0.000e+00 5.615e-320 3.761e-221 7.319e-153 1.068e-105 3.794e-73 1.050e-50 2.956e-35 1.211e-24 2.237e-17 2.002e-12 4.491e-09 7.862e-07 2.359e-05 2.088e-04 7.950e-04 1.689e-03 2.415e-03 2.471e-03 2.471e-03 2.471e-03 2.471e-03 2.471e-03 2.471e-03 2.471e-03 2.471e-03
3.530e+00 0.000e+00 0.000e+00 0.000e+00 0.000e+00 0.000e+00 6.966e-322 2.210e-222 1.032e-153 2.758e-106 1.490e-73 5.510e-51 1.896e-35 8.921e-25 1.814e-17 1.735e-12 4.074e-09 7.362e-07 2.258e-05 2.030e-04 7.808e-04 1.671e-03 2.402e-03 2.458e-03 2.458e-03 2.458e-03 2.458e-03 2.458e-03 2.458e-03 2.458e-03 2.458e-03
3.540e+00 0.000e+00 0.000e+00 0.000e+00 0.000e+00 0.000e+00 0.000e+00 1.289e-223 1.448e-154 7.101e-107 5.839e-74 2.887e-51 1.214e-35 6.567e-25 1.470e-17 1.502e-12 3.694e-09 6.893e-07 2.161e-05 1.972e-04 7.668e-04 1.653e-03 2.388e-03 2.445e-03 2.445e-03 2.445e-03 2.445e-03 2.445e-03 2.445e-03 2.445e-03 2.445e-03
3.550e+00 0.000e+00 0.000e+00 0.000e+00 0.000e+00 0.000e+00 0.000e+00 7.460e-225 2.020e-155 1.821e-107 2.282e-74 1.510e-51 7.768e-36 4.829e-25 1.190e-17 1.301e-12 3.349e-09 6.452e-07 2.068e-05 1.916e-04 7.529e-04 1.635e-03 2.374e-03 2.432e-03 2.432e-03 2.432e-03 2.432e-03 2.432e-03 2.432e-03 2.432e-03 2.432e-03
3.560e+00 0.000e+00 0.000e+00 0.000e+00 0.000e+00 0.000e+00 0.000e+00 4.284e-226 2.804e-156 4.655e-108 8.896e-75 7.882e-52 4.963e-36 3.549e-25 9.634e-18 1.126e-12 3.036e-09 6.038e-07 1.978e-05 1.862e-04 7.393e-04 1.617e-03 2.360e-03 2.419e-03 2.419e-03 2.419e-03 2.419e-03 2.419e-03 2.419e-03 2.419e-03 2.419e-03
3.570e+00 0.000e+00 0.000e+00 0.000e+00 0.000e+00 0.000e+00 0.000e+00 2.442e-227 3.872e-157 1.185e-108 3.459e-75 4.108e-52 3.167e-36 2.605e-25 7.793e-18 9.737e-13 2.750e-09 5.649e-07 1.892e-05 1.809e-04 7.258e-04 1.600e-03 2.346e-03 2.406e-03 2.406e-03 2.406e-03 2.406e-03 2.406e-03 2.406e-03 2.406e-03 2.406e-03
3.580e+00 0.000e+00 0.000e+00 0.000e+00 0.000e+00 0.000e+00 0.000e+00 1.381e-228 5.317e-158 3.007e-109 1.341e-75 2.137e-52 2.019e-36 1.911e-25 6.300e-18 8.419e-13 2.491e-09 5.284e-07 1.810e-05 1.757e-04 7.126e-04 1.582e-03 2.332e-03 2.393e-03 2.393e-03 2.393e-03 2.393e-03 2.393e-03 2.393e-03 2.393e-03 2.393e-03
3.590e+00 0.000e+00 0.000e+00 0.000e+00 0.000e+00 0.000e+00 0.000e+00 7.752e-230 7.264e-159 7.599e-110 5.190e-76 1.110e-52 1.285e-36 1.401e-25 5.090e-18 7.277e-13 2.256e-09 4.942e-07 1.731e-05 1.706e-04 6.995e-04 1.564e-03 2.318e-03 2.380e-03 2.380e-03 2.380e-03 2.380e-03 2.380e-03 2.380e-03 2.380e-03 2.380e-03
3.600e+00 0.000e+00 0.000e+00 0.000e+00 0.000e+00 0.000e+00 0.000e+00 4.317e-231 9.870e-160 1.914e-110 2.003e-76 5.752e-53 8.171e-37 1.026e-25 4.110e-18 6.286e-13 2.042e-09 4.621e-07 1.655e-05 1.657e-04 6.866e-04 1.547e-03 2.304e-03 2.366e-03 2.366e-03 2.366e-03 2.366e-03 2.366e-03 2.366e-03 2.366e-03 2.366e-03
3.610e+00 0.000e+00 0.000e+00 0.000e+00 0.000e+00 0.000e+00 0.000e+00 2.386e-232 1.334e-160 4.802e-111 7.708e-77 2.977e-53 5.189e-37 7.505e-26 3.317e-18 5.429e-13 1.848e-09 4.320e-07 1.583e-05 1.609e-04 6.739e-04 1.530e-03 2.290e-03 2.353e-03 2.353e-03 2.353e-03 2.353e-03 2.353e-03 2.353e-03 2.353e-03 2.353e-03
3.620e+00 0.000e+00 0.000e+00 0.000e+00 0.000e+00 0.000e+00 0.000e+00 1.309e-233 1.794e-161 1.200e-111 2.959e-77 1.538e-53 3.291e-37 5.486e-26 2.675e-18 4.686e-13 1.672e-09 4.038e-07 1.513e-05 1.562e-04 6.614e-04 1.513e-03 2.276e-03 2.340e-03 2.340e-03 2.340e-03 2.340e-03 2.340e-03 2.340e-03 2.340e-03 2.340e-03
3.630e+00 0.000e+00 0.000e+00 0.000e+00 0.000e+00 0.000e+00 0.000e+00 7.125e-235 2.399e-162 2.990e-112 1.133e-77 7.929e-54 2.085e-37 4.007e-26 2.156e-18 4.044e-13 1.513e-09 3.773e-07 1.446e-05 1.516e-04 6.490e-04 1.495e-03 2.262e-03 2.326e-03 2.326e-03 2.326e-03 2.326e-03 2.326e-03 2.326e-03 2.326e-03 2.326e-03
3.640e+00 0.000e+00 0.000e+00 0.000e+00 0.000e+00 0.000e+00 0.000e+00 3.849e-236 3.191e-163 7.419e-113 4.328e-78 4.081e-54 1.319e-37 2.925e-26 1.737e-18 3.488e-13 1.368e-09 3.525e-07 1.382e-05 1.472e-04 6.369e-04 1.478e-03 2.248e-03 2.313e-03 2.313e-03 2.313e-03 2.313e-03 2.313e-03 2.313e-03 2.313e-03 2.313e-03
3.650e+00 0.000e+00 0.000e+00 0.000e+00 0.000e+00 0.000e+00 0.000e+00 2.063e-237 4.223e-164 1.834e-113 1.649e-78 2.097e-54 8.337e-38 2.133e-26 1.398e-18 3.007e-13 1.236e-09 3.293e-07 1.320e-05 1.429e-04 6.249e-04 1.462e-03 2.233e-03 2.300e-03 2.300e-03 2.300e-03 2.300e-03 2.300e-03 2.300e-03 2.300e-03 2.300e-03
3.660e+00 0.000e+00 0.000e+00 0.000e+00 0.000e+00 0.000e+00 0.000e+00 1.098e-238 5.559e-165 4.519e-114 6.267e-79 1.076e-54 5.262e-38 1.554e-26 1.125e-18 2.591e-13 1.117e-09 3.075e-07 1.261e-05 1.387e-04 6.131e-04 1.445e-03 2.219e-03 2.286e-03 2.286e-03 2.286e-03 2.286e-03 2.286e-03 2.286e-03 2.286e-03 2.286e-03
3.670e+00 0.000e+00 0.000e+00 0.000e+00 0.000e+00 0.000e+00 0.000e+00 5.794e-240 7.279e-166 1.109e-114 2.375e-79 5.507e-55 3.317e-38 1.131e-26 9.047e-19 2.232e-13 1.009e-09 2.871e-07 1.205e-05 1.346e-04 6.014e-04 1.428e-03 2.205e-03 2.273e-03 2.273e-03 2.273e-03 2.273e-03 2.273e-03 2.273e-03 2.273e-03 2.273e-03
3.680e+00 0.000e+00 0.000e+00 0.000e+00 0.000e+00 0.000e+00 0.000e+00 3.036e-241 9.480e-167 2.712e-115 8.981e-80 2.815e-55 2.089e-38 8.226e-27 7.270e-19 1.922e-13 9.118e-10 2.680e-07 1.151e-05 1.306e-04 5.900e-04 1.412e-03 2.191e-03 2.259e-03 2.259e-03 2.259e-03 2.259e-03 2.259e-03 2.259e-03 2.259e-03 2.259e-03
3.690e+00 0.000e+00 0.000e+00 0.000e+00 0.000e+00 0.000e+00 0.000e+00 1.578e-242 1.228e-167 6.608e-116 3.387e-80 1.436e-55 1.313e-38 5.978e-27 5.839e-19 1.654e-13 8.232e-10 2.502e-07 1.099e-05 1.267e-04 5.787e-04 1.395e-03 2.177e-03 2.246e-03 2.246e-03 2.246e-03 2.246e-03 2.246e-03 2.246e-03 2.246e-03 2.246e-03
3.700e+00 0.000e+00 0.000e+00 0.000e+00 0.000e+00 0.000e+00 0.000e+00 8.143e-244 1.583e-168 1.604e-116 1.274e-80 7.315e-56 8.249e-39 4.340e-27 4.687e-19 1.423e-13 7.431e-10 2.334e-07 1.049e-05 1.229e-04 5.676e-04 1.379e-03 2.163e-03 2.232e-03 2.232e-03 2.232e-03 2.232e-03 2.232e-03 2.232e-03 2.232e-03 2.232e-03
3.710e+00 0.000e+00 0.000e+00 0.000e+00 0.000e+00 0.000e+00 0.000e+00 4.169e-245 2.029e-169 3.880e-117 4.781e-81 3.719e-56 5.175e-39 3.149e-27 3.760e-19 1.224e-13 6.706e-10 2.178e-07 1.002e-05 1.192e-04 5.567e-04 1.363e-03 2.149e-03 2.219e-03 2.219e-03 2.219e-03 2.219e-03 2.219e-03 2.219e-03 2.219e-03 2.219e-03
3.720e+00 0.000e+00 0.000e+00 0.000e+00 0.000e+00 0.000e+00 0.000e+00 2.118e-246 2.587e-170 9.349e-118 1.789e-81 1.888e-56 3.242e-39 2.282e-27 3.014e-19 1.052e-13 6.049e-10 2.031e-07 9.561e-06 1.156e-04 5.459e-04 1.346e-03 2.134e-03 2.205e-03 2.205e-03 2.205e-03 2.205e-03 2.205e-03 2.205e-03 2.205e-03 2.205e-03
3.730e+00 0.000e+00 0.000e+00 0.000e+00 0.000e+00 0.000e+00 0.000e+00 1.068e-247 3.282e-171 2.245e-118 6.681e-82 9.563e-57 2.029e-39 1.653e-27 2.415e-19 9.041e-14 5.456e-10 1.894e-07 9.124e-06 1.121e-04 5.353e-04 1.330e-03 2.120e-03 2.192e-03 2.192e-03 2.192e-03 2.192e-03 2.192e-03 2.192e-03 2.192e-03 2.192e-03
3.740e+00 0.000e+00 0.000e+00 0.000e+00 0.000e+00 0.000e+00 0.000e+00 5.345e-249 4.141e-172 5.370e-119 2.488e-82 4.836e-57 1.268e-39 1.196e-27 1.934e-19 7.766e-14 4.919e-10 1.766e-07 8.707e-06 1.087e-04 5.249e-04 1.315e-03 2.106e-03 2.178e-03 2.178e-03 2.178e-03 2.178e-03 2.178e-03 2.178e-03 2.178e-03 2.178e-03
3.750e+00 0.000e+00 0.000e+00 0.000e+00 0.000e+00 0.000e+00 0.000e+00 2.654e-250 5.197e-173 1.280e-119 9.240e-83 2.442e-57 7.917e-40 8.648e-28 1.548e-19 6.667e-14 4.433e-10 1.646e-07 8.307e-06 1.054e-04 5.146e-04 1.299e-03 2.092e-03 2.165e-03 2.165e-03 2.165e-03 2.165e-03 2.165e-03 2.165e-03 2.165e-03 2.165e-03
3.760e+00 0.000e+00 0.000e+00 0.000e+00 0.000e+00 0.000e+00 0.000e+00 1.308e-251 6.487e-174 3.039e-120 3.423e-83 1.230e-57 4.936e-40 6.247e-28 1.238e-19 5.722e-14 3.995e-10 1.534e-07 7.925e-06 1.022e-04 5.045e-04 1.283e-03 2.078e-03 2.151e-03 2.151e-03 2.151e-03 2.151e-03 2.151e-03 2.151e-03 2.151e-03 2.151e-03
3.770e+00 0.000e+00 0.000e+00 0.000e+00 0.000e+00 0.000e+00 0.000e+00 6.397e-253 8.056e-175 7.191e-121 1.265e-83 6.190e-58 3.074e-40 4.509e-28 9.897e-20 4.909e-14 3.599e-10 1.430e-07 7.559e-06 9.905e-05 4.945e-04 1.268e-03 2.064e-03 2.137e-03 2.137e-03 2.137e-03 2.137e-03 2.137e-03 2.137e-03 2.137e-03 2.137e-03
3.780e+00 0.000e+00 0.000e+00 0.000e+00 0.000e+00 0.000e+00 0.000e+00 3.105e-254 9.952e-176 1.695e-121 4.663e-84 3.109e-58 1.912e-40 3.252e-28 7.907e-20 4.209e-14 3.241e-10 1.332e-07 7.209e-06 9.601e-05 4.847e-04 1.252e-03 2.050e-03 2.124e-03 2.124e-03 2.124e-03 2.124e-03 2.124e-03 2.124e-03 2.124e-03 2.124e-03
3.790e+00 0.000e+00 0.000e+00 0.000e+00 0.000e+00 0.000e+00 0.000e+00 1.495e-255 1.223e-176 3.981e-122 1.715e-84 1.558e-58 1.188e-40 2.343e-28 6.313e-20 3.608e-14 2.918e-10 1.240e-07 6.874e-06 9.305e-05 4.751e-04 1.237e-03 2.035e-03 2.110e-03 2.110e-03 2.110e-03 2.110e-03 2.110e-03 2.110e-03 2.110e-03 2.110e-03
3.800e+00 0.000e+00 0.000e+00 0.000e+00 0.000e+00 0.000e+00 0.000e+00 7.147e-257 1.495e-177 9.317e-123 6.288e-85 7.799e-59 7.369e-41 1.687e-28 5.037e-20 3.091e-14 2.626e-10 1.155e-07 6.553e-06 9.017e-05 4.656e-04 1.222e-03 2.021e-03 2.097e-03 2.097e-03 2.097e-03 2.097e-03 2.097e-03 2.097e-03 2.097e-03 2.097e-03
3.810e+00 0.000e+00 0.000e+00 0.000e+00 0.000e+00 0.000e+00 0.000e+00 3.390e-258 1.817e-178 2.172e-123 2.300e-85 3.896e-59 4.566e-41 1.213e-28 4.017e-20 2.648e-14 2.363e-10 1.075e-07 6.247e-06 8.737e-05 4.563e-04 1.207e-03 2.007e-03 2.083e-03 2.083e-03 2.083e-03 2.083e-03 2.083e-03 2.083e-03 2.083e-03 2.083e-03
3.820e+00 0.000e+00 0.000e+00 0.000e+00 0.000e+00 0.000e+00 0.000e+00 1.596e-259 2.198e-179 5.047e-124 8.394e-86 1.943e-59 2.826e-41 8.721e-29 3.202e-20 2.267e-14 2.125e-10 1.001e-07 5.954e-06 8.465e-05 4.471e-04 1.192e-03 1.993e-03 2.069e-03 2.069e-03 2.069e-03 2.069e-03 2.069e-03 2.069e-03 2.069e-03 2.069e-03
3.830e+00 0.000e+00 0.000e+00 0.000e+00 0.000e+00 0.000e+00 0.000e+00 7.455e-261 2.644e-180 1.168e-124 3.055e-86 9.671e-60 1.747e-41 6.263e-29 2.550e-20 1.940e-14 1.911e-10 9.316e-08 5.674e-06 8.200e-05 4.381e-04 1.177e-03 1.979e-03 2.056e-03 2.056e-03 2.056e-03 2.056e-03 2.056e-03 2.056e-03 2.056e-03 2.056e-03
3.840e+00 0.000e+00 0.000e+00 0.000e+00 0.000e+00 0.000e+00 0.000e+00 3.456e-262 3.164e-181 2.694e-125 1.109e-86 4.806e-60 1.079e-41 4.494e-29 2.030e-20 1.659e-14 1.718e-10 8.668e-08 5.407e-06 7.943e-05 4.292e-04 1.162e-03 1.965e-03 2.042e-03 2.042e-03 2.042e-03 2.042e-03 2.042e-03 2.042e-03 2.042e-03 2.042e-03
3.850e+00 0.000e+00 0.000e+00 0.000e+00 0.000e+00 0.000e+00 0.000e+00 1.590e-263 3.767e-182 6.190e-126 4.016e-87 2.384e-60 6.653e-42 3.221e-29 1.615e-20 1.419e-14 1.544e-10 8.063e-08 5.151e-06 7.693e-05 4.205e-04 1.147e-03 1.951e-03 2.029e-03 2.029e-03 2.029e-03 2.029e-03 2.029e-03 2.029e-03 2.029e-03 2.029e-03
3.860e+00 0.000e+00 0.000e+00 0.000e+00 0.000e+00 0.000e+00 0.000e+00 7.259e-265 4.460e-183 1.417e-126 1.451e-87 1.180e-60 4.098e-42 2.307e-29 1.284e-20 1.212e-14 1.387e-10 7.499e-08 4.907e-06 7.451e-05 4.119e-04 1.133e-03 1.937e-03 2.015e-03 2.015e-03 2.015e-03 2.015e-03 2.015e-03 2.015e-03 2.015e-03 2.015e-03
3.870e+00 0.000e+00 0.000e+00 0.000e+00 0.000e+00 0.000e+00 0.000e+00 3.289e-266 5.254e-184 3.232e-127 5.227e-88 5.835e-61 2.521e-42 1.651e-29 1.021e-20 1.036e-14 1.246e-10 6.973e-08 4.673e-06 7.215e-05 4.035e-04 1.119e-03 1.923e-03 2.002e-03 2.002e-03 2.002e-03 2.002e-03 2.002e-03 2.002e-03 2.002e-03 2.002e-03
3.880e+00 0.000e+00 0.000e+00 0.000e+00 0.000e+00 0.000e+00 0.000e+00 1.479e-267 6.156e-185 7.345e-128 1.879e-88 2.879e-61 1.549e-42 1.181e-29 8.105e-21 8.846e-15 1.119e-10 6.483e-08 4.450e-06 6.986e-05 3.952e-04 1.104e-03 1.909e-03 1.988e-03 1.988e-03 1.988e-03 1.988e-03 1.988e-03 1.988e-03 1.988e-03 1.988e-03
3.890e+00 0.000e+00 0.000e+00 0.000e+00 0.000e+00 0.000e+00 0.000e+00 6.600e-269 7.175e-186 1.663e-128 6.734e-89 1.418e-61 9.504e-43 8.437e-30 6.433e-21 7.551e-15 1.004e-10 6.026e-08 4.237e-06 6.763e-05 3.870e-04 1.090e-03 1.895e-03 1.975e-03 1.975e-03 1.975e-03 1.975e-03 1.975e-03 1.975e-03 1.975e-03 1.975e-03
3.900e+00 0.000e+00 0.000e+00 0.000e+00 0.000e+00 0.000e+00 0.000e+00 2.923e-270 8.318e-187 3.752e-129 2.408e-89 6.973e-62 5.826e-43 6.023e-30 5.103e-21 6.443e-15 9.015e-11 5.600e-08 4.034e-06 6.547e-05 3.790e-04 1.076e-03 1.881e-03 1.961e-03 1.961e-03 1.961e-03 1.961e-03 1.961e-03 1.961e-03 1.961e-03 1.961e-03
3.910e+00 0.000e+00 0.000e+00 0.000e+00 0.000e+00 0.000e+00 0.000e+00 1.284e-271 9.593e-188 8.435e-130 8.588e-90 3.423e-62 3.566e-43 4.296e-30 4.045e-21 5.495e-15 8.088e-11 5.203e-08 3.840e-06 6.337e-05 3.711e-04 1.062e-03 1.867e-03 1.947e-03 1.947e-03 1.947e-03 1.947e-03 1.947e-03 1.947e-03 1.947e-03 1.947e-03
3.920e+00 0.000e+00 0.000e+00 0.000e+00 0.000e+00 0.000e+00 0.000e+00 5.602e-273 1.101e-188 1.889e-130 3.055e-90 1.677e-62 2.181e-43 3.061e-30 3.205e-21 4.685e-15 7.254e-11 4.833e-08 3.655e-06 6.134e-05 3.634e-04 1.049e-03 1.853e-03 1.934e-03 1.934e-03 1.934e-03 1.934e-03 1.934e-03 1.934e-03 1.934e-03 1.934e-03
3.930e+00 0.000e+00 0.000e+00 0.000e+00 0.000e+00 0.000e+00 0.000e+00 2.425e-274 1.256e-189 4.215e-131 1.084e-90 8.203e-63 1.332e-43 2.180e-30 2.538e-21 3.993e-15 6.504e-11 4.489e-08 3.478e-06 5.936e-05 3.558e-04 1.035e-03 1.839e-03 1.920e-03 1.920e-03 1.920e-03 1.920e-03 1.920e-03 1.920e-03 1.920e-03 1.920e-03
3.940e+00 0.000e+00 0.000e+00 0.000e+00 0.000e+00 0.000e+00 0.000e+00 1.042e-275 1.426e-190 9.372e-132 3.838e-91 4.005e-63 8.123e-44 1.551e-30 2.009e-21 3.401e-15 5.830e-11 4.168e-08 3.309e-06 5.744e-05 3.483e-04 1.021e-03 1.825e-03 1.907e-03 1.907e-03 1.907e-03 1.907e-03 1.907e-03 1.907e-03 1.907e-03 1.907e-03
3.950e+00 0.000e+00 0.000e+00 0.000e+00 0.000e+00 0.000e+00 0.000e+00 4.440e-277 1.610e-191 2.076e-132 1.355e-91 1.952e-63 4.948e-44 1.102e-30 1.589e-21 2.896e-15 5.225e-11 3.869e-08 3.148e-06 5.557e-05 3.410e-04 1.008e-03 1.811e-03 1.893e-03 1.893e-03 1.893e-03 1.893e-03 1.893e-03 1.893e-03 1.893e-03 1.893e-03
3.960e+00 0.000e+00 0.000e+00 0.000e+00 0.000e+00 0.000e+00 0.000e+00 1.878e-278 1.808e-192 4.582e-133 4.772e-92 9.499e-64 3.011e-44 7.830e-31 1.256e-21 2.465e-15 4.681e-11 3.591e-08 2.994e-06 5.376e-05 3.338e-04 9.947e-04 1.797e-03 1.880e-03 1.880e-03 1.880e-03 1.880e-03 1.880e-03 1.880e-03 1.880e-03 1.880e-03
3.970e+00 0.000e+00 0.000e+00 0.000e+00 0.000e+00 0.000e+00 0.000e+00 7.885e-280 2.020e-193 1.008e-133 1.676e-92 4.614e-64 1.830e-44 5.556e-31 9.920e-22 2.097e-15 4.192e-11 3.333e-08 2.848e-06 5.201e-05 3.267e-04 9.816e-04 1.784e-03 1.867e-03 1.867e-03 1.867e-03 1.867e-03 1.867e-03 1.867e-03 1.867e-03 1.867e-03
3.980e+00 0.000e+00 0.000e+00 0.000e+00 0.000e+00 0.000e+00 0.000e+00 3.285e-281 2.245e-194 2.208e-134 5.873e-93 2.237e-64 1.111e-44 3.940e-31 7.832e-22 1.784e-15 3.753e-11 3.092e-08 2.708e-06 5.031e-05 3.197e-04 9.685e-04 1.770e-03 1.853e-03 1.853e-03 1.853e-03 1.853e-03 1.853e-03 1.853e-03 1.853e-03 1.853e-03
3.990e+00 0.000e+00 0.000e+00 0.000e+00 0.000e+00 0.000e+00 0.000e+00 1.358e-282 2.483e-195 4.820e-135 2.053e-93 1.083e-64 6.733e-45 2.791e-31 6.180e-22 1.516e-15 3.360e-11 2.868e-08 2.575e-06 4.865e-05 3.129e-04 9.556e-04 1.756e-03 1.840e-03 1.840e-03 1.840e-03 1.840e-03 1.840e-03 1.840e-03 1.840e-03 1.840e-03
4.000e+00 0.000e+00 0.000e+00 0.000e+00 0.000e+00 0.000e+00 0.000e+00 5.574e-284 2.730e-196 1.048e-135 7.157e-94 5.231e-65 4.077e-45 1.976e-31 4.873e-22 1.289e-15 3.006e-11 2.660e-08 2.448e-06 4.705e-05 3.062e-04 9.428e-04 1.743e-03 1.826e-03 1.826e-03 1.826e-03 1.826e-03 1.826e-03 1.826e-03 1.826e-03 1.826e-03
4.010e+00 0.000e+00 0.000e+00 0.000e+00 0.000e+00 0.000e+00 0.000e+00 2.270e-285 2.987e-197 2.272e-136 2.489e-94 2.523e-65 2.466e-45 1.397e-31 3.841e-22 1.095e-15 2.689e-11 2.467e-08 2.326e-06 4.549e-05 2.996e-04 9.301e-04 1.729e-03 1.813e-03 1.813e-03 1.813e-03 1.813e-03 1.813e-03 1.813e-03 1.813e-03 1.813e-03
4.020e+00 0.000e+00 0.000e+00 0.000e+00 0.000e+00 0.000e+00 0.000e+00 9.174e-287 3.250e-198 4.906e-137 8.633e-95 1.215e-65 1.489e-45 9.874e-32 3.025e-22 9.293e-16 2.405e-11 2.287e-08 2.211e-06 4.399e-05 2.931e-04 9.175e-04 1.715e-03 1.800e-03 1.800e-03 1.800e-03 1.800e-03 1.800e-03 1.800e-03 1.800e-03 1.800e-03
4.030e+00 0.000e+00 0.000e+00 0.000e+00 0.000e+00 0.000e+00 0.000e+00 3.679e-288 3.519e-199 1.056e-137 2.987e-95 5.838e-66 8.986e-46 6.971e-32 2.381e-22 7.887e-16 2.150e-11 2.119e-08 2.101e-06 4.252e-05 2.868e-04 9.051e-04 1.702e-03 1.786e-03 1.786e-03 1.786e-03 1.786e-03 1.786e-03 1.786e-03 1.786e-03 1.786e-03
4.040e+00 0.000e+00 0.000e+00 0.000e+00 0.000e+00 0.000e+00 0.000e+00 1.465e-289 3.789e-200 2.263e-138 1.031e-95 2.801e-66 5.414e-46 4.918e-32 1.874e-22 6.691e-16 1.922e-11 1.964e-08 1.996e-06 4.110e-05 2.806e-04 8.928e-04 1.688e-03 1.773e-03 1.773e-03 1.773e-03 1.773e-03 1.773e-03 1.773e-03 1.773e-03 1.773e-03
4.050e+00 0.000e+00 0.000e+00 0.000e+00 0.000e+00 0.000e+00 0.000e+00 5.785e-291 4.059e-201 4.833e-139 3.549e-96 1.342e-66 3.259e-46 3.466e-32 1.473e-22 5.674e-16 1.718e-11 1.819e-08 1.896e-06 3.973e-05 2.744e-04 8.806e-04 1.675e-03 1.760e-03 1.760e-03 1.760e-03 1.760e-03 1.760e-03 1.760e-03 1.760e-03 1.760e-03
4.060e+00 0.000e+00 0.000e+00 0.000e+00 0.000e+00 0.000e+00 0.000e+00 2.268e-292 4.325e-202 1.028e-139 1.219e-96 6.414e-67 1.959e-46 2.441e-32 1.158e-22 4.810e-16 1.534e-11 1.685e-08 1.801e-06 3.840e-05 2.684e-04 8.685e-04 1.661e-03 1.747e-03 1.747e-03 1.747e-03 1.747e-03 1.747e-03 1.747e-03 1.747e-03 1.747e-03
4.070e+00 0.000e+00 0.000e+00 0.000e+00 0.000e+00 0.000e+00 0.000e+00 8.823e-294 4.584e-203 2.180e-140 4.174e-97 3.061e-67 1.176e-46 1.718e-32 9.091e-23 4.076e-16 1.370e-11 1.561e-08 1.710e-06 3.710e-05 2.625e-04 8.565e-04 1.648e-03 1.734e-03 1.734e-03 1.734e-03 1.734e-03 1.734e-03 1.734e-03 1.734e-03 1.734e-03
4.080e+00 0.000e+00 0.000e+00 0.000e+00 0.000e+00 0.000e+00 0.000e+00 3.407e-295 4.833e-204 4.606e-141 1.426e-97 1.458e-67 7.052e-47 1.208e-32 7.135e-23 3.452e-16 1.223e-11 1.445e-08 1.624e-06 3.585e-05 2.567e-04 8.446e-04 1.634e-03 1.720e-03 1.720e-03 1.720e-03 1.720e-03 1.720e-03 1.720e-03 1.720e-03 1.720e-03
4.090e+00 0.000e+00 0.000e+00 0.000e+00 0.000e+00 0.000e+00 0.000e+00 1.305e-296 5.069e-205 9.695e-142 4.859e-98 6.936e-68 4.224e-47 8.485e-33 5.597e-23 2.923e-16 1.092e-11 1.338e-08 1.542e-06 3.464e-05 2.511e-04 8.329e-04 1.621e-03 1.707e-03 1.707e-03 1.707e-03 1.707e-03 1.707e-03 1.707e-03 1.707e-03 1.707e-03
4.100e+00 0.000e+00 0.000e+00 0.000e+00 0.000e+00 0.000e+00 0.000e+00 4.964e-298 5.289e-206 2.033e-142 1.652e-98 3.293e-68 2.527e-47 5.955e-33 4.388e-23 2.473e-16 9.742e-12 1.238e-08 1.464e-06 3.346e-05 2.455e-04 8.213e-04 1.608e-03 1.694e-03 1.694e-03 1.694e-03 1.694e-03 1.694e-03 1.694e-03 1.694e-03 1.694e-03
4.110e+00 0.000e+00 0.000e+00 0.000e+00 0.000e+00 0.000e+00 0.000e+00 1.873e-299 5.489e-207 4.249e-143 5.601e-99 1.561e-68 1.510e-47 4.176e-33 3.438e-23 2.092e-16 8.690e-12 1.146e-08 1.389e-06 3.232e-05 2.400e-04 8.098e-04 1.594e-03 1.681e-03 1.681e-03 1.681e-03 1.681e-03 1.681e-03 1.681e-03 1.681e-03 1.681e-03
4.120e+00 0.000e+00 0.000e+00 0.000e+00 0.000e+00 0.000e+00 0.000e+00 7.015e-301 5.667e-208 8.846e-144 1.894e-99 7.383e-69 9.008e-48 2.926e-33 2.692e-23 1.769e-16 7.749e-12 1.060e-08 1.318e-06 3.122e-05 2.347e-04 7.984e-04 1.581e-03 1.668e-03 1.668e-03 1.668e-03 1.668e-03 1.668e-03 1.668e-03 1.668e-03 1.668e-03
4.130e+00 0.000e+00 0.000e+00 0.000e+00 0.000e+00 0.000e+00 0.000e+00 2.608e-302 5.820e-209 1.835e-144 6.390e-100 3.487e-69 5.369e-48 2.049e-33 2.107e-23 1.495e-16 6.909e-12 9.805e-09 1.251e-06 3.015e-05 2.294e-04 7.871e-04 1.568e-03 1.655e-03 1.655e-03 1.655e-03 1.655e-03 1.655e-03 1.655e-03 1.655e-03 1.655e-03
4.140e+00 0.000e+00 0.000e+00 0.000e+00 0.000e+00 0.000e+00 0.000e+00 9.618e-304 5.946e-210 3.792e-145 2.150e-100 1.644e-69 3.196e-48 1.433e-33 1.648e-23 1.264e-16 6.157e-12 9.068e-09 1.187e-06 2.911e-05 2.243e-04 7.760e-04 1.555e-03 1.642e-03 1.642e-03 1.642e-03 1.642e-03 1.642e-03 1.642e-03 1.642e-03 1.642e-03
4.150e+00 0.000e+00 0.000e+00 0.000e+00 0.000e+00 0.000e+00 0.000e+00 3.521e-305 6.042e-211 7.810e-146 7.218e-101 7.737e-70 1.900e-48 1.002e-33 1.288e-23 1.067e-16 5.486e-12 8.384e-09 1.126e-06 2.811e-05 2.192e-04 7.650e-04 1.542e-03 1.629e-03 1.629e-03 1.629e-03 1.629e-03 1.629e-03 1.629e-03 1.629e-03 1.629e-03
4.160e+00 0.000e+00 0.000e+00 0.000e+00 0.000e+00 0.000e+00 0.000e+00 1.279e-306 6.108e-212 1.602e-146 2.417e-101 3.635e-70 1.128e-48 6.996e-34 1.006e-23 9.009e-17 4.887e-12 7.750e-09 1.068e-06 2.714e-05 2.143e-04 7.540e-04 1.529e-03 1.616e-03 1.616e-03 1.616e-03 1.616e-03 1.616e-03 1.616e-03 1.616e-03 1.616e-03
4.170e+00 0.000e+00 0.000e+00 0.000e+00 0.000e+00 0.000e+00 0.000e+00 4.612e-308 6.142e-213 3.276e-147 8.071e-102 1.705e-70 6.693e-49 4.881e-34 7.856e-24 7.602e-17 4.351e-12 7.163e-09 1.013e-06 2.620e-05 2.094e-04 7.432e-04 1.516e-03 1.603e-03 1.603e-03 1.603e-03 1.603e-03 1.603e-03 1.603e-03 1.603e-03 1.603e-03
4.180e+00 0.000e+00 0.000e+00 0.000e+00 0.000e+00 0.000e+00 0.000e+00 1.650e-309 6.144e-214 6.673e-148 2.689e-102 7.981e-71 3.965e-49 3.403e-34 6.130e-24 6.412e-17 3.874e-12 6.619e-09 9.601e-07 2.529e-05 2.046e-04 7.325e-04 1.503e-03 1.591e-03 1.591e-03 1.591e-03 1.591e-03 1.591e-03 1.591e-03 1.591e-03 1.591e-03
4.190e+00 0.000e+00 0.000e+00 0.000e+00 0.000e+00 0.000e+00 0.000e+00 5.861e-311 6.114e-215 1.354e-148 8.934e-103 3.730e-71 2.346e-49 2.370e-34 4.780e-24 5.407e-17 3.448e-12 6.115e-09 9.103e-07 2.441e-05 2.000e-04 7.220e-04 1.490e-03 1.578e-03 1.578e-03 1.578e-03 1.578e-03 1.578e-03 1.578e-03 1.578e-03 1.578e-03
4.200e+00 0.000e+00 0.000e+00 0.000e+00 0.000e+00 0.000e+00 0.000e+00 2.065e-312 6.051e-216 2.739e-149 2.961e-103 1.740e-71 1.387e-49 1.650e-34 3.726e-24 4.557e-17 3.067e-12 5.648e-09 8.629e-07 2.355e-05 1.954e-04 7.115e-04 1.477e-03 1.565e-03 1.565e-03 1.565e-03 1.565e-03 1.565e-03 1.565e-03 1.565e-03 1.565e-03
4.210e+00 0.000e+00 0.000e+00 0.000e+00 0.000e+00 0.000e+00 0.000e+00 7.224e-314 5.959e-217 5.518e-150 9.791e-104 8.103e-72 8.184e-50 1.147e-34 2.902e-24 3.839e-17 2.728e-12 5.216e-09 8.178e-07 2.273e-05 1.909e-04 7.012e-04 1.464e-03 1.552e-03 1.552e-03 1.552e-03 1.552e-03 1.552e-03 1.552e-03 1.552e-03 1.552e-03
4.220e+00 0.000e+00 0.000e+00 0.000e+00 0.000e+00 0.000e+00 0.000e+00 2.508e-315 5.836e-218 1.108e-150 3.229e-104 3.767e-72 4.825e-50 7.972e-35 2.259e-24 3.233e-17 2.426e-12 4.816e-09 7.750e-07 2.193e-05 1.865e-04 6.909e-04 1.451e-03 1.540e-03 1.540e-03 1.540e-03 1.540e-03 1.540e-03 1.540e-03 1.540e-03 1.540e-03
4.230e+00 0.000e+00 0.000e+00 0.000e+00 0.000e+00 0.000e+00 0.000e+00 8.638e-317 5.687e-219 2.215e-151 1.062e-104 1.748e-72 2.841e-50 5.534e-35 1.758e-24 2.722e-17 2.157e-12 4.446e-09 7.343e-07 2.116e-05 1.822e-04 6.808e-04 1.439e-03 1.527e-03 1.527e-03 1.527e-03 1.527e-03 1.527e-03 1.527e-03 1.527e-03 1.527e-03
4.240e+00 0.000e+00 0.000e+00 0.000e+00 0.000e+00 0.000e+00 0.000e+00 2.953e-318 5.512e-220 4.415e-152 3.485e-105 8.100e-73 1.671e-50 3.839e-35 1.367e-24 2.290e-17 1.917e-12 4.103e-09 6.957e-07 2.041e-05 1.780e-04 6.708e-04 1.426e-03 1.515e-03 1.515e-03 1.515e-03 1.515e-03 1.515e-03 1.515e-03 1.515e-03 1.515e-03
4.250e+00 0.000e+00 0.000e+00 0.000e+00 0.000e+00 0.000e+00 0.000e+00 1.001e-319 5.314e-221 8.767e-153 1.141e-105 3.746e-73 9.815e-51 2.661e-35 1.062e-24 1.926e-17 1.703e-12 3.786e-09 6.590e-07 1.969e-05 1.738e-04 6.609e-04 1.413e-03 1.502e-03 1.502e-03 1.502e-03 1.502e-03 1.502e-03 1.502e-03 1.502e-03 1.502e-03
4.260e+00 0.000e+00 0.000e+00 0.000e+00 0.000e+00 0.000e+00 0.000e+00 3.360e-321 5.097e-222 1.735e-153 3.724e-106 1.729e-73 5.758e-51 1.843e-35 8.248e-25 1.620e-17 1.512e-12 3.493e-09 6.241e-07 1.899e-05 1.698e-04 6.511e-04 1.401e-03 1.489e-03 1.489e-03 1.489e-03 1.489e-03 1.489e-03 1.489e-03 1.489e-03 1.489e-03
4.270e+00 0.000e+00 0.000e+00 0.000e+00 0.000e+00 0.000e+00 0.000e+00 0.000e+00 4.863e-223 3.419e-154 1.213e-106 7.970e-74 3.374e-51 1.275e-35 6.402e-25 1.361e-17 1.343e-12 3.222e-09 5.910e-07 1.831e-05 1.658e-04 6.414e-04 1.388e-03 1.477e-03 1.477e-03 1.477e-03 1.477e-03 1.477e-03 1.477e-03 1.477e-03 1.477e-03
4.280e+00 0.000e+00 0.000e+00 0.000e+00 0.000e+00 0.000e+00 0.000e+00 0.000e+00 4.615e-224 6.716e-155 3.940e-107 3.666e-74 1.975e-51 8.813e-36 4.966e-25 1.143e-17 1.192e-12 2.971e-09 5.596e-07 1.766e-05 1.619e-04 6.319e-04 1.376e-03 1.465e-03 1.465e-03 1.465e-03 1.465e-03 1.465e-03 1.465e-03 1.465e-03 1.465e-03
4.290e+00 0.000e+00 0.000e+00 0.000e+00 0.000e+00 0.000e+00 0.000e+00 0.000e+00 4.357e-225 1.314e-155 1.276e-107 1.684e-74 1.154e-51 6.088e-36 3.850e-25 9.602e-18 1.058e-12 2.739e-09 5.298e-07 1.702e-05 1.581e-04 6.224e-04 1.364e-03 1.452e-03 1.452e-03 1.452e-03 1.452e-03 1.452e-03 1.452e-03 1.452e-03 1.452e-03
4.300e+00 0.000e+00 0.000e+00 0.000e+00 0.000e+00 0.000e+00 0.000e+00 0.000e+00 4.092e-226 2.563e-156 4.126e-108 7.719e-75 6.741e-52 4.202e-36 2.983e-25 8.060e-18 9.386e-13 2.525e-09 5.015e-07 1.641e-05 1.543e-04 6.130e-04 1.351e-03 1.440e-03 1.440e-03 1.440e-03 1.440e-03 1.440e-03 1.440e-03 1.440e-03 1.440e-03
4.310e+00 0.000e+00 0.000e+00 0.000e+00 0.000e+00 0.000e+00 0.000e+00 0.000e+00 3.823e-227 4.979e-157 1.330e-108 3.533e-75 3.931e-52 2.897e-36 2.310e-25 6.762e-18 8.324e-13 2.327e-09 4.746e-07 1.582e-05 1.507e-04 6.038e-04 1.339e-03 1.428e-03 1.428e-03 1.428e-03 1.428e-03 1.428e-03 1.428e-03 1.428e-03 1.428e-03
4.320e+00 0.000e+00 0.000e+00 0.000e+00 0.000e+00 0.000e+00 0.000e+00 0.000e+00 3.553e-228 9.638e-158 4.277e-109 1.614e-75 2.289e-52 1.996e-36 1.788e-25 5.672e-18 7.381e-13 2.145e-09 4.491e-07 1.525e-05 1.471e-04 5.947e-04 1.327e-03 1.416e-03 1.416e-03 1.416e-03 1.416e-03 1.416e-03 1.416e-03 1.416e-03 1.416e-03
4.330e+00 0.000e+00 0.000e+00 0.000e+00 0.000e+00 0.000e+00 0.000e+00 0.000e+00 3.285e-229 1.859e-158 1.372e-109 7.361e-76 1.332e-52 1.374e-36 1.383e-25 4.755e-18 6.543e-13 1.976e-09 4.249e-07 1.470e-05 1.436e-04 5.856e-04 1.315e-03 1.403e-03 1.403e-03 1.403e-03 1.403e-03 1.403e-03 1.403e-03 1.403e-03 1.403e-03
4.340e+00 0.000e+00 0.000e+00 0.000e+00 0.000e+00 0.000e+00 0.000e+00 0.000e+00 3.021e-230 3.572e-159 4.390e-110 3.351e-76 7.739e-53 9.453e-37 1.069e-25 3.985e-18 5.798e-13 1.820e-09 4.020e-07 1.416e-05 1.402e-04 5.767e-04 1.303e-03 1.391e-03 1.391e-03 1.391e-03 1.391e-03 1.391e-03 1.391e-03 1.391e-03 1.391e-03
4.350e+00 0.000e+00 0.000e+00 0.000e+00 0.000e+00 0.000e+00 0.000e+00 0.000e+00 2.763e-231 6.840e-160 1.401e-110 1.523e-76 4.491e-53 6.497e-37 8.258e-26 3.338e-18 5.136e-13 1.676e-09 3.802e-07 1.365e-05 1.368e-04 5.679e-04 1.291e-03 1.379e-03 1.379e-03 1.379e-03 1.379e-03 1.379e-03 1.379e-03 1.379e-03 1.379e-03
4.360e+00 0.000e+00 0.000e+00 0.000e+00 0.000e+00 0.000e+00 0.000e+00 0.000e+00 2.515e-232 1.305e-160 4.460e-111 6.909e-77 2.603e-53 4.461e-37 6.376e-26 2.795e-18 4.549e-13 1.543e-09 3.596e-07 1.315e-05 1.335e-04 5.592e-04 1.279e-03 1.367e-03 1.367e-03 1.367e-03 1.367e-03 1.367e-03 1.367e-03 1.367e-03 1.367e-03
4.370e+00 0.000e+00 0.000e+00 0.000e+00 0.000e+00 0.000e+00 0.000e+00 0.000e+00 2.277e-233 2.481e-161 1.416e-111 3.129e-77 1.507e-53 3.061e-37 4.920e-26 2.339e-18 4.028e-13 1.420e-09 3.401e-07 1.267e-05 1.303e-04 5.506e-04 1.267e-03 1.355e-03 1.355e-03 1.355e-03 1.355e-03 1.355e-03 1.355e-03 1.355e-03 1.355e-03
4.380e+00 0.000e+00 0.000e+00 0.000e+00 0.000e+00 0.000e+00 0.000e+00 0.000e+00 2.050e-234 4.698e-162 4.487e-112 1.415e-77 8.714e-54 2.098e-37 3.795e-26 1.957e-18 3.565e-13 1.307e-09 3.215e-07 1.220e-05 1.271e-04 5.421e-04 1.255e-03 1.343e-03 1.343e-03 1.343e-03 1.343e-03 1.343e-03 1.343e-03 1.343e-03 1.343e-03
4.390e+00 0.000e+00 0.000e+00 0.000e+00 0.000e+00 0.000e+00 0.000e+00 0.000e+00 1.837e-235 8.866e-163 1.418e-112 6.384e-78 5.033e-54 1.437e-37 2.925e-26 1.637e-18 3.155e-13 1.203e-09 3.040e-07 1.175e-05 1.241e-04 5.337e-04 1.243e-03 1.332e-03 1.332e-03 1.332e-03 1.332e-03 1.332e-03 1.332e-03 1.332e-03 1.332e-03
4.400e+00 0.000e+00 0.000e+00 0.000e+00 0.000e+00 0.000e+00 0.000e+00 0.000e+00 1.637e-236 1.667e-163 4.468e-113 2.876e-78 2.903e-54 9.837e-38 2.253e-26 1.368e-18 2.791e-13 1.107e-09 2.873e-07 1.132e-05 1.210e-04 5.254e-04 1.231e-03 1.320e-03 1.320e-03 1.320e-03 1.320e-03 1.320e-03 1.320e-03 1.320e-03 1.320e-03
4.410e+00 0.000e+00 0.000e+00 0.000e+00 0.000e+00 0.000e+00 0.000e+00 0.000e+00 1.451e-237 3.123e-164 1.405e-113 1.294e-78 1.673e-54 6.727e-38 1.734e-26 1.144e-18 2.468e-13 1.018e-09 2.715e-07 1.090e-05 1.181e-04 5.172e-04 1.220e-03 1.308e-03 1.308e-03 1.308e-03 1.308e-03 1.308e-03 1.308e-03 1.308e-03 1.308e-03
4.420e+00 0.000e+00 0.000e+00 0.000e+00 0.000e+00 0.000e+00 0.000e+00 0.000e+00 1.279e-238 5.830e-165 4.405e-114 5.807e-79 9.625e-55 4.596e-38 1.335e-26 9.552e-19 2.182e-13 9.360e-10 2.566e-07 1.050e-05 1.152e-04 5.091e-04 1.208e-03 1.296e-03 1.296e-03 1.296e-03 1.296e-03 1.296e-03 1.296e-03 1.296e-03 1.296e-03
4.430e+00 0.000e+00 0.000e+00 0.000e+00 0.000e+00 0.000e+00 0.000e+00 0.000e+00 1.122e-239 1.084e-165 1.378e-114 2.603e-79 5.532e-55 3.138e-38 1.026e-26 7.976e-19 1.929e-13 8.605e-10 2.424e-07 1.011e-05 1.124e-04 5.011e-04 1.197e-03 1.285e-03 1.285e-03 1.285e-03 1.285e-03 1.285e-03 1.285e-03 1.285e-03 1.285e-03
4.440e+00 0.000e+00 0.000e+00 0.000e+00 0.000e+00 0.000e+00 0.000e+00 0.000e+00 9.794e-241 2.009e-166 4.299e-115 1.164e-79 3.176e-55 2.140e-38 7.887e-27 6.657e-19 1.705e-13 7.910e-10 2.290e-07 9.730e-06 1.096e-04 4.932e-04 1.185e-03 1.273e-03 1.273e-03 1.273e-03 1.273e-03 1.273e-03 1.273e-03 1.273e-03 1.273e-03
4.450e+00 0.000e+00 0.000e+00 0.000e+00 0.000e+00 0.000e+00 0.000e+00 0.000e+00 8.502e-242 3.710e-167 1.338e-115 5.200e-80 1.821e-55 1.459e-38 6.057e-27 5.554e-19 1.506e-13 7.270e-10 2.163e-07 9.366e-06 1.069e-04 4.854e-04 1.174e-03 1.262e-03 1.262e-03 1.262e-03 1.262e-03 1.262e-03 1.262e-03 1.262e-03 1.262e-03
4.460e+00 0.000e+00 0.000e+00 0.000e+00 0.000e+00 0.000e+00 0.000e+00 0.000e+00 7.342e-243 6.826e-168 4.154e-116 2.319e-80 1.043e-55 9.932e-39 4.650e-27 4.631e-19 1.330e-13 6.680e-10 2.043e-07 9.015e-06 1.042e-04 4.777e-04 1.162e-03 1.250e-03 1.250e-03 1.250e-03 1.250e-03 1.250e-03 1.250e-03 1.250e-03 1.250e-03
4.470e+00 0.000e+00 0.000e+00 0.000e+00 0.000e+00 0.000e+00 0.000e+00 0.000e+00 6.306e-244 1.251e-168 1.286e-116 1.032e-80 5.964e-56 6.758e-39 3.567e-27 3.861e-19 1.174e-13 6.137e-10 1.929e-07 8.676e-06 1.016e-04 4.701e-04 1.151e-03 1.239e-03 1.239e-03 1.239e-03 1.239e-03 1.239e-03 1.239e-03 1.239e-03 1.239e-03
4.480e+00 0.000e+00 0.000e+00 0.000e+00 0.000e+00 0.000e+00 0.000e+00 0.000e+00 5.389e-245 2.286e-169 3.973e-117 4.584e-81 3.407e-56 4.594e-39 2.735e-27 3.217e-19 1.036e-13 5.637e-10 1.822e-07 8.349e-06 9.912e-05 4.625e-04 1.140e-03 1.227e-03 1.227e-03 1.227e-03 1.227e-03 1.227e-03 1.227e-03 1.227e-03 1.227e-03
4.490e+00 0.000e+00 0.000e+00 0.000e+00 0.000e+00 0.000e+00 0.000e+00 0.000e+00 4.581e-246 4.159e-170 1.224e-117 2.033e-81 1.944e-56 3.120e-39 2.096e-27 2.680e-19 9.145e-14 5.177e-10 1.720e-07 8.034e-06 9.664e-05 4.551e-04 1.129e-03 1.216e-03 1.216e-03 1.216e-03 1.216e-03 1.216e-03 1.216e-03 1.216e-03 1.216e-03
4.500e+00 0.000e+00 0.000e+00 0.000e+00 0.000e+00 0.000e+00 0.000e+00 0.000e+00 3.874e-247 7.542e-171 3.763e-118 9.002e-82 1.108e-56 2.118e-39 1.605e-27 2.231e-19 8.067e-14 4.753e-10 1.623e-07 7.730e-06 9.422e-05 4.478e-04 1.118e-03 1.205e-03 1.205e-03 1.205e-03 1.205e-03 1.205e-03 1.205e-03 1.205e-03 1.205e-03
4.510e+00 0.000e+00 0.000e+00 0.000e+00 0.000e+00 0.000e+00 0.000e+00 0.000e+00 3.259e-248 1.363e-171 1.154e-118 3.979e-82 6.307e-57 1.436e-39 1.228e-27 1.857e-19 7.114e-14 4.363e-10 1.532e-07 7.436e-06 9.185e-05 4.406e-04 1.107e-03 1.194e-03 1.194e-03 1.194e-03 1.194e-03 1.194e-03 1.194e-03 1.194e-03 1.194e-03
4.520e+00 0.000e+00 0.000e+00 0.000e+00 0.000e+00 0.000e+00 0.000e+00 0.000e+00 2.727e-249 2.453e-172 3.527e-119 1.755e-82 3.586e-57 9.730e-40 9.397e-28 1.545e-19 6.272e-14 4.004e-10 1.445e-07 7.153e-06 8.954e-05 4.335e-04 1.096e-03 1.183e-03 1.183e-03 1.183e-03 1.183e-03 1.183e-03 1.183e-03 1.183e-03 1.183e-03
4.530e+00 0.000e+00 0.000e+00 0.000e+00 0.000e+00 0.000e+00 0.000e+00 0.000e+00 2.270e-250 4.400e-173 1.076e-119 7.731e-83 2.036e-57 6.587e-40 7.184e-28 1.284e-19 5.528e-14 3.674e-10 1.364e-07 6.880e-06 8.728e-05 4.264e-04 1.085e-03 1.172e-03 1.172e-03 1.172e-03 1.172e-03 1.172e-03 1.172e-03 1.172e-03 1.172e-03
4.540e+00 0.000e+00 0.000e+00 0.000e+00 0.000e+00 0.000e+00 0.000e+00 0.000e+00 1.880e-251 7.863e-174 3.274e-120 3.399e-83 1.155e-57 4.455e-40 5.489e-28 1.068e-19 4.871e-14 3.371e-10 1.287e-07 6.617e-06 8.507e-05 4.195e-04 1.074e-03 1.161e-03 1.161e-03 1.161e-03 1.161e-03 1.161e-03 1.161e-03 1.161e-03 1.161e-03
4.550e+00 0.000e+00 0.000e+00 0.000e+00 0.000e+00 0.000e+00 0.000e+00 0.000e+00 1.548e-252 1.400e-174 9.937e-121 1.492e-83 6.542e-58 3.011e-40 4.191e-28 8.872e-20 4.291e-14 3.092e-10 1.213e-07 6.363e-06 8.291e-05 4.126e-04 1.063e-03 1.150e-03 1.150e-03 1.150e-03 1.150e-03 1.150e-03 1.150e-03 1.150e-03 1.150e-03
4.560e+00 0.000e+00 0.000e+00 0.000e+00 0.000e+00 0.000e+00 0.000e+00 0.000e+00 1.269e-253 2.484e-175 3.008e-121 6.537e-84 3.701e-58 2.033e-40 3.199e-28 7.368e-20 3.779e-14 2.835e-10 1.144e-07 6.118e-06 8.079e-05 4.059e-04 1.052e-03 1.139e-03 1.139e-03 1.139e-03 1.139e-03 1.139e-03 1.139e-03 1.139e-03 1.139e-03
4.570e+00 0.000e+00 0.000e+00 0.000e+00 0.000e+00 0.000e+00 0.000e+00 0.000e+00 1.034e-254 4.391e-176 9.085e-122 2.859e-84 2.092e-58 1.372e-40 2.440e-28 6.118e-20 3.327e-14 2.599e-10 1.079e-07 5.883e-06 7.873e-05 3.992e-04 1.042e-03 1.128e-03 1.128e-03 1.128e-03 1.128e-03 1.128e-03 1.128e-03 1.128e-03 1.128e-03
4.580e+00 0.000e+00 0.000e+00 0.000e+00 0.000e+00 0.000e+00 0.000e+00 0.000e+00 8.388e-256 7.735e-177 2.737e-122 1.248e-84 1.181e-58 9.249e-41 1.860e-28 5.077e-20 2.928e-14 2.383e-10 1.017e-07 5.655e-06 7.671e-05 3.926e-04 1.031e-03 1.117e-03 1.117e-03 1.117e-03 1.117e-03 1.117e-03 1.117e-03 1.117e-03 1.117e-03
4.590e+00 0.000e+00 0.000e+00 0.000e+00 0.000e+00 0.000e+00 0.000e+00 0.000e+00 6.766e-257 1.358e-177 8.223e-123 5.441e-85 6.656e-59 6.230e-41 1.417e-28 4.212e-20 2.577e-14 2.184e-10 9.592e-08 5.436e-06 7.474e-05 3.861e-04 1.021e-03 1.106e-03 1.106e-03 1.106e-03 1.106e-03 1.106e-03 1.106e-03 1.106e-03 1.106e-03
4.600e+00 0.000e+00 0.000e+00 0.000e+00 0.000e+00 0.000e+00 0.000e+00 0.000e+00 5.430e-258 2.374e-178 2.465e-123 2.367e-85 3.748e-59 4.193e-41 1.079e-28 3.492e-20 2.266e-14 2.001e-10 9.041e-08 5.225e-06 7.282e-05 3.797e-04 1.010e-03 1.096e-03 1.096e-03 1.096e-03 1.096e-03 1.096e-03 1.096e-03 1.096e-03 1.096e-03
4.610e+00 0.000e+00 0.000e+00 0.000e+00 0.000e+00 0.000e+00 0.000e+00 0.000e+00 4.335e-259 4.136e-179 7.369e-124 1.028e-85 2.108e-59 2.819e-41 8.209e-29 2.895e-20 1.993e-14 1.833e-10 8.520e-08 5.022e-06 7.094e-05 3.734e-04 9.999e-04 1.085e-03 1.085e-03 1.085e-03 1.085e-03 1.085e-03 1.085e-03 1.085e-03 1.085e-03
4.620e+00 0.000e+00 0.000e+00 0.000e+00 0.000e+00 0.000e+00 0.000e+00 0.000e+00 3.442e-260 7.181e-180 2.198e-124 4.459e-86 1.184e-59 1.894e-41 6.243e-29 2.398e-20 1.752e-14 1.679e-10 8.029e-08 4.826e-06 6.910e-05 3.671e-04 9.896e-04 1.075e-03 1.075e-03 1.075e-03 1.075e-03 1.075e-03 1.075e-03 1.075e-03 1.075e-03
4.630e+00 0.000e+00 0.000e+00 0.000e+00 0.000e+00 0.000e+00 0.000e+00 0.000e+00 2.719e-261 1.242e-180 6.537e-125 1.930e-86 6.643e-60 1.272e-41 4.745e-29 1.986e-20 1.540e-14 1.538e-10 7.564e-08 4.637e-06 6.731e-05 3.610e-04 9.794e-04 1.064e-03 1.064e-03 1.064e-03 1.064e-03 1.064e-03 1.064e-03 1.064e-03 1.064e-03
4.640e+00 0.000e+00 0.000e+00 0.000e+00 0.000e+00 0.000e+00 0.000e+00 0.000e+00 2.137e-262 2.141e-181 1.940e-125 8.339e-87 3.722e-60 8.530e-42 3.604e-29 1.644e-20 1.353e-14 1.408e-10 7.126e-08 4.455e-06 6.556e-05 3.549e-04 9.692e-04 1.054e-03 1.054e-03 1.054e-03 1.054e-03 1.054e-03 1.054e-03 1.054e-03 1.054e-03
4.650e+00 0.000e+00 0.000e+00 0.000e+00 0.000e+00 0.000e+00 0.000e+00 0.000e+00 1.671e-263 3.677e-182 5.742e-126 3.597e-87 2.083e-60 5.717e-42 2.736e-29 1.361e-20 1.189e-14 1.289e-10 6.712e-08 4.280e-06 6.385e-05 3.489e-04 9.591e-04 1.044e-03 1.044e-03 1.044e-03 1.044e-03 1.044e-03 1.044e-03 1.044e-03 1.044e-03
4.660e+00 0.000e+00 0.000e+00 0.000e+00 0.000e+00 0.000e+00 0.000e+00 0.000e+00 1.299e-264 6.291e-183 1.695e-126 1.549e-87 1.165e-60 3.828e-42 2.076e-29 1.126e-20 1.044e-14 1.180e-10 6.321e-08 4.111e-06 6.217e-05 3.430e-04 9.491e-04 1.033e-03 1.033e-03 1.033e-03 1.033e-03 1.033e-03 1.033e-03 1.033e-03 1.033e-03
4.670e+00 0.000e+00 0.000e+00 0.000e+00 0.000e+00 0.000e+00 0.000e+00 0.000e+00 1.005e-265 1.073e-183 4.993e-127 6.657e-88 6.503e-61 2.562e-42 1.574e-29 9.308e-21 9.163e-15 1.079e-10 5.952e-08 3.949e-06 6.054e-05 3.372e-04 9.392e-04 1.023e-03 1.023e-03 1.023e-03 1.023e-03 1.023e-03 1.023e-03 1.023e-03 1.023e-03
4.680e+00 0.000e+00 0.000e+00 0.000e+00 0.000e+00 0.000e+00 0.000e+00 0.000e+00 7.735e-267 1.822e-184 1.467e-127 2.857e-88 3.627e-61 1.712e-42 1.193e-29 7.694e-21 8.042e-15 9.875e-11 5.604e-08 3.793e-06 5.895e-05 3.315e-04 9.293e-04 1.013e-03 1.013e-03 1.013e-03 1.013e-03 1.013e-03 1.013e-03 1.013e-03 1.013e-03
4.690e+00 0.000e+00 0.000e+00 0.000e+00 0.000e+00 0.000e+00 0.000e+00 0.000e+00 5.921e-268 3.084e-185 4.298e-128 1.224e-88 2.020e-61 1.144e-42 9.037e-30 6.357e-21 7.056e-15 9.032e-11 5.276e-08 3.642e-06 5.739e-05 3.258e-04 9.194e-04 1.003e-03 1.003e-03 1.003e-03 1.003e-03 1.003e-03 1.003e-03 1.003e-03 1.003e-03
4.700e+00 0.000e+00 0.000e+00 0.000e+00 0.000e+00 0.000e+00 0.000e+00 0.000e+00 4.510e-269 5.202e-186 1.256e-128 5.233e-89 1.124e-61 7.634e-43 6.841e-30 5.250e-21 6.190e-15 8.260e-11 4.966e-08 3.497e-06 5.588e-05 3.202e-04 9.097e-04 9.928e-04 9.928e-04 9.928e-04 9.928e-04 9.928e-04 9.928e-04 9.928e-04 9.928e-04
4.710e+00 0.000e+00 0.000e+00 0.000e+00 0.000e+00 0.000e+00 0.000e+00 0.000e+00 3.417e-270 8.741e-187 3.663e-129 2.234e-89 6.245e-62 5.091e-43 5.175e-30 4.334e-21 5.428e-15 7.552e-11 4.673e-08 3.358e-06 5.439e-05 3.147e-04 9.000e-04 9.829e-04 9.829e-04 9.829e-04 9.829e-04 9.829e-04 9.829e-04 9.829e-04 9.829e-04
4.720e+00 0.000e+00 0.000e+00 0.000e+00 0.000e+00 0.000e+00 0.000e+00 0.000e+00 2.575e-271 1.464e-187 1.065e-129 9.518e-90 3.466e-62 3.392e-43 3.913e-30 3.576e-21 4.758e-15 6.904e-11 4.398e-08 3.223e-06 5.295e-05 3.093e-04 8.904e-04 9.730e-04 9.730e-04 9.730e-04 9.730e-04 9.730e-04 9.730e-04 9.730e-04 9.730e-04
4.730e+00 0.000e+00 0.000e+00 0.000e+00 0.000e+00 0.000e+00 0.000e+00 0.000e+00 1.931e-272 2.442e-188 3.091e-130 4.049e-90 1.921e-62 2.258e-43 2.957e-30 2.950e-21 4.170e-15 6.310e-11 4.137e-08 3.094e-06 5.154e-05 3.040e-04 8.809e-04 9.631e-04 9.631e-04 9.631e-04 9.631e-04 9.631e-04 9.631e-04 9.631e-04 9.631e-04
4.740e+00 0.000e+00 0.000e+00 0.000e+00 0.000e+00 0.000e+00 0.000e+00 0.000e+00 1.440e-273 4.059e-189 8.944e-131 1.719e-90 1.064e-62 1.502e-43 2.233e-30 2.432e-21 3.654e-15 5.766e-11 3.892e-08 2.970e-06 5.016e-05 2.987e-04 8.714e-04 9.534e-04 9.534e-04 9.534e-04 9.534e-04 9.534e-04 9.534e-04 9.534e-04 9.534e-04
4.750e+00 0.000e+00 0.000e+00 0.000e+00 0.000e+00 0.000e+00 0.000e+00 0.000e+00 1.068e-274 6.722e-190 2.582e-131 7.289e-91 5.882e-63 9.984e-44 1.685e-30 2.005e-21 3.201e-15 5.267e-11 3.661e-08 2.850e-06 4.881e-05 2.935e-04 8.620e-04 9.437e-04 9.437e-04 9.437e-04 9.437e-04 9.437e-04 9.437e-04 9.437e-04 9.437e-04
4.760e+00 0.000e+00 0.000e+00 0.000e+00 0.000e+00 0.000e+00 0.000e+00 0.000e+00 7.885e-276 1.109e-190 7.434e-132 3.084e-91 3.249e-63 6.630e-44 1.271e-30 1.652e-21 2.803e-15 4.811e-11 3.443e-08 2.735e-06 4.750e-05 2.884e-04 8.526e-04 9.340e-04 9.340e-04 9.340e-04 9.340e-04 9.340e-04 9.340e-04 9.340e-04 9.340e-04
4.770e+00 0.000e+00 0.000e+00 0.000e+00 0.000e+00 0.000e+00 0.000e+00 0.000e+00 5.789e-277 1.824e-191 2.135e-132 1.303e-91 1.792e-63 4.399e-44 9.585e-31 1.360e-21 2.454e-15 4.394e-11 3.238e-08 2.625e-06 4.622e-05 2.834e-04 8.434e-04 9.245e-04 9.245e-04 9.245e-04 9.245e-04 9.245e-04 9.245e-04 9.245e-04 9.245e-04
4.780e+00 0.000e+00 0.000e+00 0.000e+00 0.000e+00 0.000e+00 0.000e+00 0.000e+00 4.228e-278 2.989e-192 6.117e-133 5.495e-92 9.876e-64 2.917e-44 7.222e-31 1.120e-21 2.147e-15 4.012e-11 3.044e-08 2.518e-06 4.498e-05 2.784e-04 8.342e-04 9.149e-04 9.149e-04 9.149e-04 9.149e-04 9.149e-04 9.149e-04 9.149e-04 9.149e-04
4.790e+00 0.000e+00 0.000e+00 0.000e+00 0.000e+00 0.000e+00 0.000e+00 0.000e+00 3.072e-279 4.879e-193 1.748e-133 2.313e-92 5.435e-64 1.932e-44 5.439e-31 9.214e-22 1.879e-15 3.662e-11 2.861e-08 2.416e-06 4.376e-05 2.735e-04 8.250e-04 9.055e-04 9.055e-04 9.055e-04 9.055e-04 9.055e-04 9.055e-04 9.055e-04 9.055e-04
4.800e+00 0.000e+00 0.000e+00 0.000e+00 0.000e+00 0.000e+00 0.000e+00 0.000e+00 2.221e-280 7.937e-194 4.984e-134 9.722e-93 2.988e-64 1.279e-44 4.093e-31 7.579e-22 1.643e-15 3.342e-11 2.690e-08 2.317e-06 4.257e-05 2.687e-04 8.160e-04 8.961e-04 8.961e-04 8.961e-04 8.961e-04 8.961e-04 8.961e-04 8.961e-04 8.961e-04
4.810e+00 0.000e+00 0.000e+00 0.000e+00 0.000e+00 0.000e+00 0.000e+00 0.000e+00 1.597e-281 1.286e-194 1.417e-134 4.079e-93 1.640e-64 8.456e-45 3.079e-31 6.231e-22 1.437e-15 3.050e-11 2.528e-08 2.223e-06 4.141e-05 2.639e-04 8.070e-04 8.868e-04 8.868e-04 8.868e-04 8.868e-04 8.868e-04 8.868e-04 8.868e-04 8.868e-04
4.820e+00 0.000e+00 0.000e+00 0.000e+00 0.000e+00 0.000e+00 0.000e+00 0.000e+00 1.142e-282 2.077e-195 4.020e-135 1.708e-93 8.994e-65 5.587e-45 2.314e-31 5.121e-22 1.256e-15 2.783e-11 2.375e-08 2.132e-06 4.028e-05 2.593e-04 7.980e-04 8.776e-04 8.776e-04 8.776e-04 8.776e-04 8.776e-04 8.776e-04 8.776e-04 8.776e-04
4.830e+00 0.000e+00 0.000e+00 0.000e+00 0.000e+00 0.000e+00 0.000e+00 0.000e+00 8.128e-284 3.343e-196 1.137e-135 7.141e-94 4.926e-65 3.689e-45 1.739e-31 4.207e-22 1.098e-15 2.538e-11 2.232e-08 2.044e-06 3.918e-05 2.547e-04 7.892e-04 8.684e-04 8.684e-04 8.684e-04 8.684e-04 8.684e-04 8.684e-04 8.684e-04 8.684e-04
4.840e+00 0.000e+00 0.000e+00 0.000e+00 0.000e+00 0.000e+00 0.000e+00 0.000e+00 5.754e-285 5.359e-197 3.210e-136 2.980e-94 2.695e-65 2.433e-45 1.306e-31 3.455e-22 9.592e-16 2.315e-11 2.096e-08 1.960e-06 3.811e-05 2.501e-04 7.804e-04 8.592e-04 8.592e-04 8.592e-04 8.592e-04 8.592e-04 8.592e-04 8.592e-04 8.592e-04
4.850e+00 0.000e+00 0.000e+00 0.000e+00 0.000e+00 0.000e+00 0.000e+00 0.000e+00 4.052e-286 8.561e-198 9.037e-137 1.242e-94 1.472e-65 1.604e-45 9.797e-32 2.836e-22 8.379e-16 2.111e-11 1.969e-08 1.879e-06 3.706e-05 2.456e-04 7.717e-04 8.502e-04 8.502e-04 8.502e-04 8.502e-04 8.502e-04 8.502e-04 8.502e-04 8.502e-04
4.860e+00 0.000e+00 0.000e+00 0.000e+00 0.000e+00 0.000e+00 0.000e+00 0.000e+00 2.838e-287 1.363e-198 2.538e-137 5.164e-95 8.036e-66 1.056e-45 7.348e-32 2.327e-22 7.316e-16 1.924e-11 1.849e-08 1.802e-06 3.604e-05 2.412e-04 7.630e-04 8.412e-04 8.412e-04 8.412e-04 8.412e-04 8.412e-04 8.412e-04 8.412e-04 8.412e-04
4.870e+00 0.000e+00 0.000e+00 0.000e+00 0.000e+00 0.000e+00 0.000e+00 0.000e+00 1.978e-288 2.161e-199 7.109e-138 2.144e-95 4.380e-66 6.950e-46 5.507e-32 1.909e-22 6.387e-16 1.754e-11 1.737e-08 1.727e-06 3.504e-05 2.369e-04 7.544e-04 8.323e-04 8.323e-04 8.323e-04 8.323e-04 8.323e-04 8.323e-04 8.323e-04 8.323e-04
4.880e+00 0.000e+00 0.000e+00 0.000e+00 0.000e+00 0.000e+00 0.000e+00 0.000e+00 1.371e-289 3.415e-200 1.987e-138 8.887e-96 2.385e-66 4.570e-46 4.126e-32 1.565e-22 5.574e-16 1.598e-11 1.630e-08 1.656e-06 3.407e-05 2.326e-04 7.459e-04 8.234e-04 8.234e-04 8.234e-04 8.234e-04 8.234e-04 8.234e-04 8.234e-04 8.234e-04
4.890e+00 0.000e+00 0.000e+00 0.000e+00 0.000e+00 0.000e+00 0.000e+00 0.000e+00 9.457e-291 5.378e-201 5.537e-139 3.677e-96 1.297e-66 3.002e-46 3.089e-32 1.283e-22 4.863e-16 1.456e-11 1.531e-08 1.587e-06 3.312e-05 2.284e-04 7.375e-04 8.146e-04 8.146e-04 8.146e-04 8.146e-04 8.146e-04 8.146e-04 8.146e-04 8.146e-04
4.900e+00 0.000e+00 0.000e+00 0.000e+00 0.000e+00 0.000e+00 0.000e+00 0.000e+00 6.488e-292 8.437e-202 1.539e-139 1.519e-96 7.043e-67 1.970e-46 2.311e-32 1.051e-22 4.242e-16 1.326e-11 1.437e-08 1.521e-06 3.220e-05 2.243e-04 7.291e-04 8.058e-04 8.058e-04 8.058e-04 8.058e-04 8.058e-04 8.058e-04 8.058e-04 8.058e-04
4.910e+00 0.000e+00 0.000e+00 0.000e+00 0.000e+00 0.000e+00 0.000e+00 0.000e+00 4.428e-293 1.319e-202 4.269e-140 6.262e-97 3.820e-67 1.292e-46 1.728e-32 8.605e-23 3.699e-16 1.208e-11 1.348e-08 1.457e-06 3.130e-05 2.202e-04 7.208e-04 7.972e-04 7.972e-04 7.972e-04 7.972e-04 7.972e-04 7.972e-04 7.972e-04 7.972e-04
4.920e+00 0.000e+00 0.000e+00 0.000e+00 0.000e+00 0.000e+00 0.000e+00 0.000e+00 3.006e-294 2.054e-203 1.181e-140 2.577e-97 2.070e-67 8.467e-47 1.292e-32 7.044e-23 3.224e-16 1.100e-11 1.265e-08 1.396e-06 3.043e-05 2.162e-04 7.125e-04 7.886e-04 7.886e-04 7.886e-04 7.886e-04 7.886e-04 7.886e-04 7.886e-04 7.886e-04
4.930e+00 0.000e+00 0.000e+00 0.000e+00 0.000e+00 0.000e+00 0.000e+00 0.000e+00 2.030e-295 3.188e-204 3.259e-141 1.059e-97 1.120e-67 5.544e-47 9.649e-33 5.764e-23 2.810e-16 1.001e-11 1.187e-08 1.337e-06 2.958e-05 2.122e-04 7.043e-04 7.800e-04 7.800e-04 7.800e-04 7.800e-04 7.800e-04 7.800e-04 7.800e-04 7.800e-04
4.940e+00 0.000e+00 0.000e+00 0.000e+00 0.000e+00 0.000e+00 0.000e+00 0.000e+00 1.364e-296 4.930e-205 8.972e-142 4.344e-98 6.055e-68 3.627e-47 7.203e-33 4.714e-23 2.448e-16 9.112e-12 1.114e-08 1.281e-06 2.874e-05 2.083e-04 6.962e-04 7.715e-04 7.715e-04 7.715e-04 7.715e-04 7.715e-04 7.715e-04 7.715e-04 7.715e-04
4.950e+00 0.000e+00 0.000e+00 0.000e+00 0.000e+00 0.000e+00 0.000e+00 0.000e+00 9.119e-298 7.597e-206 2.463e-142 1.779e-98 3.269e-68 2.371e-47 5.374e-33 3.854e-23 2.132e-16 8.291e-12 1.045e-08 1.227e-06 2.793e-05 2.045e-04 6.882e-04 7.631e-04 7.631e-04 7.631e-04 7.631e-04 7.631e-04 7.631e-04 7.631e-04 7.631e-04
4.960e+00 0.000e+00 0.000e+00 0.000e+00 0.000e+00 0.000e+00 0.000e+00 0.000e+00 6.063e-299 1.166e-206 6.747e-143 7.271e-99 1.763e-68 1.548e-47 4.007e-33 3.150e-23 1.857e-16 7.544e-12 9.796e-09 1.175e-06 2.715e-05 2.007e-04 6.802e-04 7.548e-04 7.548e-04 7.548e-04 7.548e-04 7.548e-04 7.548e-04 7.548e-04 7.548e-04
4.970e+00 0.000e+00 0.000e+00 0.000e+00 0.000e+00 0.000e+00 0.000e+00 0.000e+00 4.011e-300 1.784e-207 1.843e-143 2.967e-99 9.493e-69 1.010e-47 2.986e-33 2.573e-23 1.616e-16 6.862e-12 9.186e-09 1.125e-06 2.638e-05 1.970e-04 6.723e-04 7.465e-04 7.465e-04 7.465e-04 7.465e-04 7.465e-04 7.465e-04 7.465e-04 7.465e-04
4.980e+00 0.000e+00 0.000e+00 0.000e+00 0.000e+00 0.000e+00 0.000e+00 0.000e+00 2.639e-301 2.720e-208 5.024e-144 1.209e-99 5.107e-69 6.587e-48 2.224e-33 2.101e-23 1.407e-16 6.241e-12 8.613e-09 1.078e-06 2.563e-05 1.934e-04 6.645e-04 7.383e-04 7.383e-04 7.383e-04 7.383e-04 7.383e-04 7.383e-04 7.383e-04 7.383e-04
4.990e+00 0.000e+00 0.000e+00 0.000e+00 0.000e+00 0.000e+00 0.000e+00 0.000e+00 1.728e-302 4.130e-209 1.366e-144 4.915e-100 2.744e-69 4.291e-48 1.656e-33 1.715e-23 1.224e-16 5.675e-12 8.074e-09 1.032e-06 2.490e-05 1.898e-04 6.567e-04 7.301e-04 7.301e-04 7.301e-04 7.301e-04 7.301e-04 7.301e-04 7.301e-04 7.301e-04
5.000e+00 0.000e+00 0.000e+00 0.000e+00 0.000e+00 0.000e+00 0.000e+00 0.000e+00 1.125e-303 6.251e-210 3.703e-145 1.995e-100 1.472e-69 2.793e-48 1.232e-33 1.400e-23 1.065e-16 5.159e-12 7.568e-09 9.879e-07 2.419e-05 1.863e-04 6.490e-04 7.220e-04 7.220e-04 7.220e-04 7.220e-04 7.220e-04 7.220e-04 7.220e-04 7.220e-04
5.010e+00 0.000e+00 0.000e+00 0.000e+00 0.000e+00 0.000e+00 0.000e+00 0.000e+00 7.289e-305 9.425e-211 1.002e-145 8.086e-101 7.892e-70 1.817e-48 9.158e-34 1.141e-23 9.257e-17 4.689e-12 7.093e-09 9.457e-07 2.350e-05 1.828e-04 6.413e-04 7.140e-04 7.140e-04 7.140e-04 7.140e-04 7.140e-04 7.140e-04 7.140e-04 7.140e-04
5.020e+00 0.000e+00 0.000e+00 0.000e+00 0.000e+00 0.000e+00 0.000e+00 0.000e+00 4.697e-306 1.416e-211 2.703e-146 3.271e-101 4.225e-70 1.181e-48 6.805e-34 9.306e-24 8.047e-17 4.261e-12 6.646e-09 9.052e-07 2.282e-05 1.793e-04 6.338e-04 7.060e-04 7.060e-04 7.060e-04 7.060e-04 7.060e-04 7.060e-04 7.060e-04 7.060e-04
5.030e+00 0.000e+00 0.000e+00 0.000e+00 0.000e+00 0.000e+00 0.000e+00 0.000e+00 3.011e-307 2.120e-212 7.274e-147 1.321e-101 2.259e-70 7.666e-49 5.054e-34 7.584e-24 6.993e-17 3.871e-12 6.227e-09 8.663e-07 2.217e-05 1.760e-04 6.262e-04 6.981e-04 6.981e-04 6.981e-04 6.981e-04 6.981e-04 6.981e-04 6.981e-04 6.981e-04
5.040e+00 0.000e+00 0.000e+00 0.000e+00 0.000e+00 0.000e+00 0.000e+00 0.000e+00 1.921e-308 3.162e-213 1.953e-147 5.326e-102 1.207e-70 4.973e-49 3.751e-34 6.178e-24 6.076e-17 3.517e-12 5.834e-09 8.291e-07 2.153e-05 1.727e-04 6.188e-04 6.903e-04 6.903e-04 6.903e-04 6.903e-04 6.903e-04 6.903e-04 6.903e-04 6.903e-04
5.050e+00 0.000e+00 0.000e+00 0.000e+00 0.000e+00 0.000e+00 0.000e+00 0.000e+00 1.219e-309 4.699e-214 5.230e-148 2.143e-102 6.436e-71 3.224e-49 2.782e-34 5.031e-24 5.277e-17 3.194e-12 5.464e-09 7.933e-07 2.091e-05 1.694e-04 6.114e-04 6.825e-04 6.825e-04 6.825e-04 6.825e-04 6.825e-04 6.825e-04 6.825e-04 6.825e-04
5.060e+00 0.000e+00 0.000e+00 0.000e+00 0.000e+00 0.000e+00 0.000e+00 0.000e+00 7.691e-311 6.959e-215 1.397e-148 8.611e-103 3.429e-71 2.088e-49 2.063e-34 4.095e-24 4.582e-17 2.900e-12 5.118e-09 7.591e-07 2.030e-05 1.662e-04 6.041e-04 6.748e-04 6.748e-04 6.748e-04 6.748e-04 6.748e-04 6.748e-04 6.748e-04 6.748e-04
5.070e+00 0.000e+00 0.000e+00 0.000e+00 0.000e+00 0.000e+00 0.000e+00 0.000e+00 4.829e-312 1.027e-215 3.723e-149 3.454e-103 1.825e-71 1.351e-49 1.528e-34 3.332e-24 3.978e-17 2.633e-12 4.792e-09 7.262e-07 1.972e-05 1.630e-04 5.969e-04 6.671e-04 6.671e-04 6.671e-04 6.671e-04 6.671e-04 6.671e-04 6.671e-04 6.671e-04
5.080e+00 0.000e+00 0.000e+00 0.000e+00 0.000e+00 0.000e+00 0.000e+00 0.000e+00 3.017e-313 1.510e-216 9.896e-150 1.383e-103 9.700e-72 8.738e-50 1.132e-34 2.710e-24 3.452e-17 2.390e-12 4.487e-09 6.947e-07 1.914e-05 1.599e-04 5.897e-04 6.595e-04 6.595e-04 6.595e-04 6.595e-04 6.595e-04 6.595e-04 6.595e-04 6.595e-04
5.090e+00 0.000e+00 0.000e+00 0.000e+00 0.000e+00 0.000e+00 0.000e+00 0.000e+00 1.875e-314 2.212e-217 2.624e-150 5.526e-104 5.149e-72 5.645e-50 8.376e-35 2.203e-24 2.995e-17 2.169e-12 4.201e-09 6.645e-07 1.858e-05 1.569e-04 5.826e-04 6.520e-04 6.520e-04 6.520e-04 6.520e-04 6.520e-04 6.520e-04 6.520e-04 6.520e-04
5.100e+00 0.000e+00 0.000e+00 0.000e+00 0.000e+00 0.000e+00 0.000e+00 0.000e+00 1.159e-315 3.229e-218 6.940e-151 2.205e-104 2.730e-72 3.644e-50 6.195e-35 1.790e-24 2.598e-17 1.968e-12 3.932e-09 6.356e-07 1.804e-05 1.539e-04 5.755e-04 6.445e-04 6.445e-04 6.445e-04 6.445e-04 6.445e-04 6.445e-04 6.445e-04 6.445e-04
5.110e+00 0.000e+00 0.000e+00 0.000e+00 0.000e+00 0.000e+00 0.000e+00 0.000e+00 7.126e-317 4.696e-219 1.831e-151 8.782e-105 1.446e-72 2.351e-50 4.580e-35 1.454e-24 2.253e-17 1.785e-12 3.680e-09 6.078e-07 1.751e-05 1.509e-04 5.685e-04 6.371e-04 6.371e-04 6.371e-04 6.371e-04 6.371e-04 6.371e-04 6.371e-04 6.371e-04
5.120e+00 0.000e+00 0.000e+00 0.000e+00 0.000e+00 0.000e+00 0.000e+00 0.000e+00 4.359e-318 6.806e-220 4.818e-152 3.492e-105 7.650e-73 1.515e-50 3.383e-35 1.181e-24 1.953e-17 1.619e-12 3.444e-09 5.812e-07 1.700e-05 1.480e-04 5.616e-04 6.298e-04 6.298e-04 6.298e-04 6.298e-04 6.298e-04 6.298e-04 6.298e-04 6.298e-04
5.130e+00 0.000e+00 0.000e+00 0.000e+00 0.000e+00 0.000e+00 0.000e+00 0.000e+00 2.653e-319 9.828e-221 1.265e-152 1.386e-105 4.042e-73 9.755e-51 2.498e-35 9.587e-25 1.692e-17 1.468e-12 3.222e-09 5.557e-07 1.650e-05 1.452e-04 5.547e-04 6.225e-04 6.225e-04 6.225e-04 6.225e-04 6.225e-04 6.225e-04 6.225e-04 6.225e-04
5.140e+00 0.000e+00 0.000e+00 0.000e+00 0.000e+00 0.000e+00 0.000e+00 0.000e+00 1.624e-320 1.414e-221 3.312e-153 5.492e-106 2.133e-73 6.276e-51 1.844e-35 7.778e-25 1.466e-17 1.331e-12 3.014e-09 5.313e-07 1.601e-05 1.424e-04 5.479e-04 6.153e-04 6.153e-04 6.153e-04 6.153e-04 6.153e-04 6.153e-04 6.153e-04 6.153e-04
5.150e+00 0.000e+00 0.000e+00 0.000e+00 0.000e+00 0.000e+00 0.000e+00 0.000e+00 9.338e-322 2.027e-222 8.652e-154 2.172e-106 1.124e-73 4.035e-51 1.360e-35 6.308e-25 1.270e-17 1.206e-12 2.820e-09 5.079e-07 1.554e-05 1.396e-04 5.412e-04 6.082e-04 6.082e-04 6.082e-04 6.082e-04 6.082e-04 6.082e-04 6.082e-04 6.082e-04
5.160e+00 0.000e+00 0.000e+00 0.000e+00 0.000e+00 0.000e+00 0.000e+00 0.000e+00 0.000e+00 2.896e-223 2.254e-154 8.579e-107 5.918e-74 2.592e-51 1.002e-35 5.114e-25 1.100e-17 1.093e-12 2.637e-09 4.855e-07 1.508e-05 1.369e-04 5.345e-04 6.011e-04 6.011e-04 6.011e-04 6.011e-04 6.011e-04 6.011e-04 6.011e-04 6.011e-04
5.170e+00 0.000e+00 0.000e+00 0.000e+00 0.000e+00 0.000e+00 0.000e+00 0.000e+00 0.000e+00 4.122e-224 5.859e-155 3.382e-107 3.112e-74 1.663e-51 7.383e-36 4.145e-25 9.519e-18 9.906e-13 2.466e-09 4.640e-07 1.463e-05 1.342e-04 5.279e-04 5.940e-04 5.940e-04 5.940e-04 5.940e-04 5.940e-04 5.940e-04 5.940e-04 5.940e-04
5.180e+00 0.000e+00 0.000e+00 0.000e+00 0.000e+00 0.000e+00 0.000e+00 0.000e+00 0.000e+00 5.846e-225 1.519e-155 1.331e-107 1.634e-74 1.067e-51 5.436e-36 3.357e-25 8.237e-18 8.974e-13 2.306e-09 4.435e-07 1.420e-05 1.316e-04 5.214e-04 5.871e-04 5.871e-04 5.871e-04 5.871e-04 5.871e-04 5.871e-04 5.871e-04 5.871e-04
5.190e+00 0.000e+00 0.000e+00 0.000e+00 0.000e+00 0.000e+00 0.000e+00 0.000e+00 0.000e+00 8.261e-226 3.928e-156 5.228e-108 8.574e-75 6.834e-52 4.000e-36 2.719e-25 7.127e-18 8.128e-13 2.156e-09 4.238e-07 1.377e-05 1.290e-04 5.149e-04 5.802e-04 5.802e-04 5.802e-04 5.802e-04 5.802e-04 5.802e-04 5.802e-04 5.802e-04
5.200e+00 0.000e+00 0.000e+00 0.000e+00 0.000e+00 0.000e+00 0.000e+00 0.000e+00 0.000e+00 1.163e-226 1.013e-156 2.050e-108 4.492e-75 4.375e-52 2.941e-36 2.201e-25 6.164e-18 7.360e-13 2.015e-09 4.049e-07 1.336e-05 1.265e-04 5.084e-04 5.733e-04 5.733e-04 5.733e-04 5.733e-04 5.733e-04 5.733e-04 5.733e-04 5.733e-04
5.210e+00 0.000e+00 0.000e+00 0.000e+00 0.000e+00 0.000e+00 0.000e+00 0.000e+00 0.000e+00 1.632e-227 2.608e-157 8.025e-109 2.351e-75 2.799e-52 2.162e-36 1.780e-25 5.330e-18 6.664e-13 1.883e-09 3.869e-07 1.296e-05 1.240e-04 5.021e-04 5.665e-04 5.665e-04 5.665e-04 5.665e-04 5.665e-04 5.665e-04 5.665e-04 5.665e-04
5.220e+00 0.000e+00 0.000e+00 0.000e+00 0.000e+00 0.000e+00 0.000e+00 0.000e+00 0.000e+00 2.282e-228 6.694e-158 3.136e-109 1.229e-75 1.789e-52 1.588e-36 1.440e-25 4.608e-18 6.032e-13 1.760e-09 3.696e-07 1.257e-05 1.216e-04 4.958e-04 5.598e-04 5.598e-04 5.598e-04 5.598e-04 5.598e-04 5.598e-04 5.598e-04 5.598e-04
5.230e+00 0.000e+00 0.000e+00 0.000e+00 0.000e+00 0.000e+00 0.000e+00 0.000e+00 0.000e+00 3.178e-229 1.714e-158 1.224e-109 6.415e-76 1.142e-52 1.166e-36 1.164e-25 3.982e-18 5.459e-13 1.644e-09 3.530e-07 1.220e-05 1.192e-04 4.895e-04 5.531e-04 5.531e-04 5.531e-04 5.531e-04 5.531e-04 5.531e-04 5.531e-04 5.531e-04
5.240e+00 0.000e+00 0.000e+00 0.000e+00 0.000e+00 0.000e+00 0.000e+00 0.000e+00 0.000e+00 4.411e-230 4.378e-159 4.766e-110 3.345e-76 7.289e-53 8.554e-37 9.407e-26 3.440e-18 4.939e-13 1.536e-09 3.372e-07 1.183e-05 1.168e-04 4.834e-04 5.465e-04 5.465e-04 5.465e-04 5.465e-04 5.465e-04 5.465e-04 5.465e-04 5.465e-04
5.250e+00 0.000e+00 0.000e+00 0.000e+00 0.000e+00 0.000e+00 0.000e+00 0.000e+00 0.000e+00 6.101e-231 1.115e-159 1.853e-110 1.742e-76 4.647e-53 6.272e-37 7.599e-26 2.971e-18 4.469e-13 1.435e-09 3.220e-07 1.147e-05 1.145e-04 4.772e-04 5.400e-04 5.400e-04 5.400e-04 5.400e-04 5.400e-04 5.400e-04 5.400e-04 5.400e-04
5.260e+00 0.000e+00 0.000e+00 0.000e+00 0.000e+00 0.000e+00 0.000e+00 0.000e+00 0.000e+00 8.407e-232 2.835e-160 7.191e-111 9.062e-77 2.960e-53 4.597e-37 6.136e-26 2.566e-18 4.042e-13 1.340e-09 3.075e-07 1.112e-05 1.122e-04 4.712e-04 5.335e-04 5.335e-04 5.335e-04 5.335e-04 5.335e-04 5.335e-04 5.335e-04 5.335e-04
5.270e+00 0.000e+00 0.000e+00 0.000e+00 0.000e+00 0.000e+00 0.000e+00 0.000e+00 0.000e+00 1.154e-232 7.186e-161 2.786e-111 4.709e-77 1.884e-53 3.367e-37 4.953e-26 2.215e-18 3.655e-13 1.252e-09 2.936e-07 1.079e-05 1.100e-04 4.652e-04 5.271e-04 5.271e-04 5.271e-04 5.271e-04 5.271e-04 5.271e-04 5.271e-04 5.271e-04
5.280e+00 0.000e+00 0.000e+00 0.000e+00 0.000e+00 0.000e+00 0.000e+00 0.000e+00 0.000e+00 1.579e-233 1.817e-161 1.078e-111 2.444e-77 1.198e-53 2.465e-37 3.996e-26 1.911e-18 3.305e-13 1.169e-09 2.803e-07 1.046e-05 1.078e-04 4.592e-04 5.207e-04 5.207e-04 5.207e-04 5.207e-04 5.207e-04 5.207e-04 5.207e-04 5.207e-04
5.290e+00 0.000e+00 0.000e+00 0.000e+00 0.000e+00 0.000e+00 0.000e+00 0.000e+00 0.000e+00 2.153e-234 4.584e-162 4.161e-112 1.267e-77 7.615e-54 1.803e-37 3.223e-26 1.649e-18 2.987e-13 1.091e-09 2.676e-07 1.014e-05 1.056e-04 4.534e-04 5.144e-04 5.144e-04 5.144e-04 5.144e-04 5.144e-04 5.144e-04 5.144e-04 5.144e-04
5.300e+00 0.000e+00 0.000e+00 0.000e+00 0.000e+00 0.000e+00 0.000e+00 0.000e+00 0.000e+00 2.925e-235 1.154e-162 1.604e-112 6.557e-78 4.835e-54 1.318e-37 2.598e-26 1.422e-18 2.700e-13 1.018e-09 2.555e-07 9.829e-06 1.035e-04 4.475e-04 5.081e-04 5.081e-04 5.081e-04 5.081e-04 5.081e-04 5.081e-04 5.081e-04 5.081e-04
5.310e+00 0.000e+00 0.000e+00 0.000e+00 0.000e+00 0.000e+00 0.000e+00 0.000e+00 0.000e+00 3.958e-236 2.895e-163 6.171e-113 3.391e-78 3.067e-54 9.634e-38 2.094e-26 1.226e-18 2.439e-13 9.505e-10 2.439e-07 9.529e-06 1.014e-04 4.418e-04 5.019e-04 5.019e-04 5.019e-04 5.019e-04 5.019e-04 5.019e-04 5.019e-04 5.019e-04
5.320e+00 0.000e+00 0.000e+00 0.000e+00 0.000e+00 0.000e+00 0.000e+00 0.000e+00 0.000e+00 5.338e-237 7.249e-164 2.371e-113 1.751e-78 1.944e-54 7.036e-38 1.687e-26 1.057e-18 2.204e-13 8.870e-10 2.327e-07 9.236e-06 9.933e-05 4.361e-04 4.958e-04 4.958e-04 4.958e-04 4.958e-04 4.958e-04 4.958e-04 4.958e-04 4.958e-04
5.330e+00 0.000e+00 0.000e+00 0.000e+00 0.000e+00 0.000e+00 0.000e+00 0.000e+00 0.000e+00 7.173e-238 1.811e-164 9.091e-114 9.034e-79 1.231e-54 5.136e-38 1.358e-26 9.112e-19 1.991e-13 8.277e-10 2.221e-07 8.952e-06 9.731e-05 4.304e-04 4.897e-04 4.897e-04 4.897e-04 4.897e-04 4.897e-04 4.897e-04 4.897e-04 4.897e-04
5.340e+00 0.000e+00 0.000e+00 0.000e+00 0.000e+00 0.000e+00 0.000e+00 0.000e+00 0.000e+00 9.604e-239 4.511e-165 3.480e-114 4.655e-79 7.792e-55 3.747e-38 1.093e-26 7.850e-19 1.798e-13 7.722e-10 2.119e-07 8.676e-06 9.534e-05 4.248e-04 4.837e-04 4.837e-04 4.837e-04 4.837e-04 4.837e-04 4.837e-04 4.837e-04 4.837e-04
5.350e+00 0.000e+00 0.000e+00 0.000e+00 0.000e+00 0.000e+00 0.000e+00 0.000e+00 0.000e+00 1.281e-239 1.121e-165 1.330e-114 2.395e-79 4.927e-55 2.732e-38 8.795e-27 6.761e-19 1.623e-13 7.203e-10 2.022e-07 8.408e-06 9.339e-05 4.193e-04 4.777e-04 4.777e-04 4.777e-04 4.777e-04 4.777e-04 4.777e-04 4.777e-04 4.777e-04
5.360e+00 0.000e+00 0.000e+00 0.000e+00 0.000e+00 0.000e+00 0.000e+00 0.000e+00 0.000e+00 1.703e-240 2.779e-166 5.073e-115 1.231e-79 3.113e-55 1.990e-38 7.073e-27 5.822e-19 1.465e-13 6.718e-10 1.929e-07 8.148e-06 9.149e-05 4.138e-04 4.718e-04 4.718e-04 4.718e-04 4.718e-04 4.718e-04 4.718e-04 4.718e-04 4.718e-04
5.370e+00 0.000e+00 0.000e+00 0.000e+00 0.000e+00 0.000e+00 0.000e+00 0.000e+00 0.000e+00 2.256e-241 6.872e-167 1.932e-115 6.322e-80 1.965e-55 1.450e-38 5.686e-27 5.012e-19 1.322e-13 6.265e-10 1.840e-07 7.895e-06 8.962e-05 4.084e-04 4.660e-04 4.660e-04 4.660e-04 4.660e-04 4.660e-04 4.660e-04 4.660e-04 4.660e-04
5.380e+00 0.000e+00 0.000e+00 0.000e+00 0.000e+00 0.000e+00 0.000e+00 0.000e+00 0.000e+00 2.978e-242 1.695e-167 7.345e-116 3.242e-80 1.239e-55 1.055e-38 4.570e-27 4.313e-19 1.193e-13 5.842e-10 1.755e-07 7.650e-06 8.778e-05 4.030e-04 4.602e-04 4.602e-04 4.602e-04 4.602e-04 4.602e-04 4.602e-04 4.602e-04 4.602e-04
5.390e+00 0.000e+00 0.000e+00 0.000e+00 0.000e+00 0.000e+00 0.000e+00 0.000e+00 0.000e+00 3.916e-243 4.171e-168 2.788e-116 1.660e-80 7.810e-56 7.674e-39 3.671e-27 3.711e-19 1.077e-13 5.447e-10 1.674e-07 7.412e-06 8.597e-05 3.977e-04 4.544e-04 4.544e-04 4.544e-04 4.544e-04 4.544e-04 4.544e-04 4.544e-04 4.544e-04
5.400e+00 0.000e+00 0.000e+00 0.000e+00 0.000e+00 0.000e+00 0.000e+00 0.000e+00 0.000e+00 5.132e-244 1.024e-168 1.056e-116 8.494e-81 4.918e-56 5.579e-39 2.947e-27 3.192e-19 9.711e-14 5.077e-10 1.596e-07 7.180e-06 8.420e-05 3.925e-04 4.488e-04 4.488e-04 4.488e-04 4.488e-04 4.488e-04 4.488e-04 4.488e-04 4.488e-04
5.410e+00 0.000e+00 0.000e+00 0.000e+00 0.000e+00 0.000e+00 0.000e+00 0.000e+00 0.000e+00 6.701e-245 2.506e-169 3.994e-117 4.340e-81 3.094e-56 4.054e-39 2.366e-27 2.745e-19 8.758e-14 4.732e-10 1.522e-07 6.956e-06 8.246e-05 3.873e-04 4.431e-04 4.431e-04 4.431e-04 4.431e-04 4.431e-04 4.431e-04 4.431e-04 4.431e-04
5.420e+00 0.000e+00 0.000e+00 0.000e+00 0.000e+00 0.000e+00 0.000e+00 0.000e+00 0.000e+00 8.718e-246 6.121e-170 1.508e-117 2.215e-81 1.945e-56 2.943e-39 1.898e-27 2.359e-19 7.897e-14 4.410e-10 1.451e-07 6.738e-06 8.075e-05 3.821e-04 4.376e-04 4.376e-04 4.376e-04 4.376e-04 4.376e-04 4.376e-04 4.376e-04 4.376e-04
5.430e+00 0.000e+00 0.000e+00 0.000e+00 0.000e+00 0.000e+00 0.000e+00 0.000e+00 0.000e+00 1.130e-246 1.491e-170 5.684e-118 1.129e-81 1.222e-56 2.136e-39 1.522e-27 2.028e-19 7.119e-14 4.109e-10 1.384e-07 6.526e-06 7.908e-05 3.771e-04 4.320e-04 4.320e-04 4.320e-04 4.320e-04 4.320e-04 4.320e-04 4.320e-04 4.320e-04
5.440e+00 0.000e+00 0.000e+00 0.000e+00 0.000e+00 0.000e+00 0.000e+00 0.000e+00 0.000e+00 1.460e-247 3.624e-171 2.139e-118 5.748e-82 7.668e-57 1.549e-39 1.220e-27 1.742e-19 6.416e-14 3.829e-10 1.319e-07 6.320e-06 7.743e-05 3.720e-04 4.266e-04 4.266e-04 4.266e-04 4.266e-04 4.266e-04 4.266e-04 4.266e-04 4.266e-04
5.450e+00 0.000e+00 0.000e+00 0.000e+00 0.000e+00 0.000e+00 0.000e+00 0.000e+00 0.000e+00 1.879e-248 8.785e-172 8.034e-119 2.923e-82 4.808e-57 1.123e-39 9.780e-28 1.496e-19 5.782e-14 3.567e-10 1.257e-07 6.121e-06 7.582e-05 3.670e-04 4.212e-04 4.212e-04 4.212e-04 4.212e-04 4.212e-04 4.212e-04 4.212e-04 4.212e-04
5.460e+00 0.000e+00 0.000e+00 0.000e+00 0.000e+00 0.000e+00 0.000e+00 0.000e+00 0.000e+00 2.410e-249 2.124e-172 3.013e-119 1.485e-82 3.013e-57 8.137e-40 7.834e-28 1.285e-19 5.209e-14 3.322e-10 1.198e-07 5.927e-06 7.423e-05 3.621e-04 4.158e-04 4.158e-04 4.158e-04 4.158e-04 4.158e-04 4.158e-04 4.158e-04 4.158e-04
5.470e+00 0.000e+00 0.000e+00 0.000e+00 0.000e+00 0.000e+00 0.000e+00 0.000e+00 0.000e+00 3.079e-250 5.124e-173 1.128e-119 7.532e-83 1.886e-57 5.892e-40 6.273e-28 1.103e-19 4.693e-14 3.094e-10 1.142e-07 5.740e-06 7.268e-05 3.572e-04 4.105e-04 4.105e-04 4.105e-04 4.105e-04 4.105e-04 4.105e-04 4.105e-04 4.105e-04
5.480e+00 0.000e+00 0.000e+00 0.000e+00 0.000e+00 0.000e+00 0.000e+00 0.000e+00 0.000e+00 3.921e-251 1.233e-173 4.214e-120 3.817e-83 1.180e-57 4.264e-40 5.021e-28 9.466e-20 4.226e-14 2.881e-10 1.088e-07 5.557e-06 7.115e-05 3.524e-04 4.053e-04 4.053e-04 4.053e-04 4.053e-04 4.053e-04 4.053e-04 4.053e-04 4.053e-04
5.490e+00 0.000e+00 0.000e+00 0.000e+00 0.000e+00 0.000e+00 0.000e+00 0.000e+00 0.000e+00 4.974e-252 2.959e-174 1.572e-120 1.932e-83 7.374e-58 3.084e-40 4.017e-28 8.121e-20 3.805e-14 2.682e-10 1.037e-07 5.381e-06 6.965e-05 3.477e-04 4.001e-04 4.001e-04 4.001e-04 4.001e-04 4.001e-04 4.001e-04 4.001e-04 4.001e-04
5.500e+00 0.000e+00 0.000e+00 0.000e+00 0.000e+00 0.000e+00 0.000e+00 0.000e+00 0.000e+00 6.288e-253 7.085e-175 5.854e-121 9.765e-84 4.605e-58 2.229e-40 3.213e-28 6.966e-20 3.426e-14 2.497e-10 9.879e-08 5.209e-06 6.819e-05 3.429e-04 3.949e-04 3.949e-04 3.949e-04 3.949e-04 3.949e-04 3.949e-04 3.949e-04 3.949e-04
5.510e+00 0.000e+00 0.000e+00 0.000e+00 0.000e+00 0.000e+00 0.000e+00 0.000e+00 0.000e+00 7.921e-254 1.692e-175 2.176e-121 4.930e-84 2.873e-58 1.610e-40 2.568e-28 5.973e-20 3.084e-14 2.324e-10 9.411e-08 5.043e-06 6.674e-05 3.383e-04 3.899e-04 3.899e-04 3.899e-04 3.899e-04 3.899e-04 3.899e-04 3.899e-04 3.899e-04
5.520e+00 0.000e+00 0.000e+00 0.000e+00 0.000e+00 0.000e+00 0.000e+00 0.000e+00 0.000e+00 9.942e-255 4.031e-176 8.077e-122 2.486e-84 1.791e-58 1.163e-40 2.052e-28 5.121e-20 2.775e-14 2.163e-10 8.965e-08 4.881e-06 6.533e-05 3.337e-04 3.848e-04 3.848e-04 3.848e-04 3.848e-04 3.848e-04 3.848e-04 3.848e-04 3.848e-04
5.530e+00 0.000e+00 0.000e+00 0.000e+00 0.000e+00 0.000e+00 0.000e+00 0.000e+00 0.000e+00 1.243e-255 9.579e-177 2.992e-122 1.252e-84 1.116e-58 8.389e-41 1.640e-28 4.388e-20 2.497e-14 2.013e-10 8.538e-08 4.725e-06 6.394e-05 3.291e-04 3.798e-04 3.798e-04 3.798e-04 3.798e-04 3.798e-04 3.798e-04 3.798e-04 3.798e-04
5.540e+00 0.000e+00 0.000e+00 0.000e+00 0.000e+00 0.000e+00 0.000e+00 0.000e+00 0.000e+00 1.550e-256 2.271e-177 1.107e-122 6.301e-85 6.946e-59 6.050e-41 1.309e-28 3.760e-20 2.246e-14 1.873e-10 8.132e-08 4.573e-06 6.258e-05 3.246e-04 3.749e-04 3.749e-04 3.749e-04 3.749e-04 3.749e-04 3.749e-04 3.749e-04 3.749e-04
5.550e+00 0.000e+00 0.000e+00 0.000e+00 0.000e+00 0.000e+00 0.000e+00 0.000e+00 0.000e+00 1.924e-257 5.369e-178 4.086e-123 3.166e-85 4.320e-59 4.361e-41 1.045e-28 3.220e-20 2.020e-14 1.742e-10 7.743e-08 4.425e-06 6.124e-05 3.201e-04 3.700e-04 3.700e-04 3.700e-04 3.700e-04 3.700e-04 3.700e-04 3.700e-04 3.700e-04
5.560e+00 0.000e+00 0.000e+00 0.000e+00 0.000e+00 0.000e+00 0.000e+00 0.000e+00 0.000e+00 2.381e-258 1.267e-178 1.506e-123 1.589e-85 2.685e-59 3.141e-41 8.337e-29 2.758e-20 1.816e-14 1.620e-10 7.373e-08 4.282e-06 5.994e-05 3.157e-04 3.652e-04 3.652e-04 3.652e-04 3.652e-04 3.652e-04 3.652e-04 3.652e-04 3.652e-04
5.570e+00 0.000e+00 0.000e+00 0.000e+00 0.000e+00 0.000e+00 0.000e+00 0.000e+00 0.000e+00 2.935e-259 2.980e-179 5.542e-124 7.966e-86 1.667e-59 2.261e-41 6.649e-29 2.361e-20 1.633e-14 1.507e-10 7.020e-08 4.144e-06 5.865e-05 3.114e-04 3.604e-04 3.604e-04 3.604e-04 3.604e-04 3.604e-04 3.604e-04 3.604e-04 3.604e-04
5.580e+00 0.000e+00 0.000e+00 0.000e+00 0.000e+00 0.000e+00 0.000e+00 0.000e+00 0.000e+00 3.605e-260 6.994e-180 2.036e-124 3.989e-86 1.034e-59 1.627e-41 5.301e-29 2.020e-20 1.468e-14 1.401e-10 6.683e-08 4.010e-06 5.739e-05 3.071e-04 3.557e-04 3.557e-04 3.557e-04 3.557e-04 3.557e-04 3.557e-04 3.557e-04 3.557e-04
5.590e+00 0.000e+00 0.000e+00 0.000e+00 0.000e+00 0.000e+00 0.000e+00 0.000e+00 0.000e+00 4.413e-261 1.638e-180 7.464e-125 1.995e-86 6.410e-60 1.170e-41 4.224e-29 1.729e-20 1.319e-14 1.303e-10 6.362e-08 3.879e-06 5.616e-05 3.028e-04 3.510e-04 3.510e-04 3.510e-04 3.510e-04 3.510e-04 3.510e-04 3.510e-04 3.510e-04
5.600e+00 0.000e+00 0.000e+00 0.000e+00 0.000e+00 0.000e+00 0.000e+00 0.000e+00 0.000e+00 5.382e-262 3.825e-181 2.732e-125 9.965e-87 3.970e-60 8.409e-42 3.365e-29 1.479e-20 1.185e-14 1.211e-10 6.055e-08 3.753e-06 5.494e-05 2.986e-04 3.464e-04 3.464e-04 3.464e-04 3.464e-04 3.464e-04 3.464e-04 3.464e-04 3.464e-04
5.610e+00 0.000e+00 0.000e+00 0.000e+00 0.000e+00 0.000e+00 0.000e+00 0.000e+00 0.000e+00 6.541e-263 8.910e-182 9.984e-126 4.972e-87 2.457e-60 6.040e-42 2.679e-29 1.264e-20 1.065e-14 1.126e-10 5.763e-08 3.631e-06 5.376e-05 2.944e-04 3.418e-04 3.418e-04 3.418e-04 3.418e-04 3.418e-04 3.418e-04 3.418e-04 3.418e-04
5.620e+00 0.000e+00 0.000e+00 0.000e+00 0.000e+00 0.000e+00 0.000e+00 0.000e+00 0.000e+00 7.921e-264 2.071e-182 3.642e-126 2.477e-87 1.519e-60 4.336e-42 2.133e-29 1.081e-20 9.564e-15 1.046e-10 5.484e-08 3.512e-06 5.259e-05 2.903e-04 3.372e-04 3.372e-04 3.372e-04 3.372e-04 3.372e-04 3.372e-04 3.372e-04 3.372e-04
5.630e+00 0.000e+00 0.000e+00 0.000e+00 0.000e+00 0.000e+00 0.000e+00 0.000e+00 0.000e+00 9.557e-265 4.800e-183 1.326e-126 1.233e-87 9.386e-61 3.111e-42 1.697e-29 9.237e-21 8.589e-15 9.725e-11 5.218e-08 3.397e-06 5.145e-05 2.862e-04 3.328e-04 3.328e-04 3.328e-04 3.328e-04 3.328e-04 3.328e-04 3.328e-04 3.328e-04
5.640e+00 0.000e+00 0.000e+00 0.000e+00 0.000e+00 0.000e+00 0.000e+00 0.000e+00 0.000e+00 1.149e-265 1.110e-183 4.822e-127 6.130e-88 5.794e-61 2.231e-42 1.349e-29 7.892e-21 7.711e-15 9.036e-11 4.965e-08 3.286e-06 5.033e-05 2.822e-04 3.283e-04 3.283e-04 3.283e-04 3.283e-04 3.283e-04 3.283e-04 3.283e-04 3.283e-04
5.650e+00 0.000e+00 0.000e+00 0.000e+00 0.000e+00 0.000e+00 0.000e+00 0.000e+00 0.000e+00 1.377e-266 2.560e-184 1.750e-127 3.044e-88 3.574e-61 1.599e-42 1.073e-29 6.741e-21 6.922e-15 8.394e-11 4.723e-08 3.178e-06 4.923e-05 2.782e-04 3.239e-04 3.239e-04 3.239e-04 3.239e-04 3.239e-04 3.239e-04 3.239e-04 3.239e-04
5.660e+00 0.000e+00 0.000e+00 0.000e+00 0.000e+00 0.000e+00 0.000e+00 0.000e+00 0.000e+00 1.643e-267 5.891e-185 6.340e-128 1.510e-88 2.202e-61 1.145e-42 8.526e-30 5.757e-21 6.212e-15 7.797e-11 4.493e-08 3.073e-06 4.815e-05 2.743e-04 3.196e-04 3.196e-04 3.196e-04 3.196e-04 3.196e-04 3.196e-04 3.196e-04 3.196e-04
5.670e+00 0.000e+00 0.000e+00 0.000e+00 0.000e+00 0.000e+00 0.000e+00 0.000e+00 0.000e+00 1.955e-268 1.352e-185 2.293e-128 7.479e-89 1.356e-61 8.196e-43 6.773e-30 4.914e-21 5.574e-15 7.242e-11 4.274e-08 2.971e-06 4.710e-05 2.704e-04 3.153e-04 3.153e-04 3.153e-04 3.153e-04 3.153e-04 3.153e-04 3.153e-04 3.153e-04
5.680e+00 0.000e+00 0.000e+00 0.000e+00 0.000e+00 0.000e+00 0.000e+00 0.000e+00 0.000e+00 2.316e-269 3.096e-186 8.280e-129 3.700e-89 8.345e-62 5.863e-43 5.378e-30 4.194e-21 5.001e-15 6.725e-11 4.065e-08 2.873e-06 4.606e-05 2.666e-04 3.111e-04 3.111e-04 3.111e-04 3.111e-04 3.111e-04 3.111e-04 3.111e-04 3.111e-04
5.690e+00 0.000e+00 0.000e+00 0.000e+00 0.000e+00 0.000e+00 0.000e+00 0.000e+00 0.000e+00 2.736e-270 7.071e-187 2.984e-129 1.829e-89 5.130e-62 4.192e-43 4.269e-30 3.579e-21 4.486e-15 6.244e-11 3.866e-08 2.778e-06 4.505e-05 2.628e-04 3.069e-04 3.069e-04 3.069e-04 3.069e-04 3.069e-04 3.069e-04 3.069e-04 3.069e-04
5.700e+00 0.000e+00 0.000e+00 0.000e+00 0.000e+00 0.000e+00 0.000e+00 0.000e+00 0.000e+00 3.219e-271 1.611e-187 1.074e-129 9.027e-90 3.151e-62 2.996e-43 3.387e-30 3.053e-21 4.023e-15 5.797e-11 3.676e-08 2.686e-06 4.406e-05 2.590e-04 3.027e-04 3.027e-04 3.027e-04 3.027e-04 3.027e-04 3.027e-04 3.027e-04 3.027e-04
5.710e+00 0.000e+00 0.000e+00 0.000e+00 0.000e+00 0.000e+00 0.000e+00 0.000e+00 0.000e+00 3.774e-272 3.661e-188 3.857e-130 4.451e-90 1.934e-62 2.140e-43 2.686e-30 2.603e-21 3.607e-15 5.381e-11 3.495e-08 2.596e-06 4.308e-05 2.553e-04 2.986e-04 2.986e-04 2.986e-04 2.986e-04 2.986e-04 2.986e-04 2.986e-04 2.986e-04
5.720e+00 0.000e+00 0.000e+00 0.000e+00 0.000e+00 0.000e+00 0.000e+00 0.000e+00 0.000e+00 4.410e-273 8.300e-189 1.383e-130 2.192e-90 1.186e-62 1.527e-43 2.129e-30 2.219e-21 3.233e-15 4.995e-11 3.323e-08 2.510e-06 4.213e-05 2.517e-04 2.945e-04 2.945e-04 2.945e-04 2.945e-04 2.945e-04 2.945e-04 2.945e-04 2.945e-04
5.730e+00 0.000e+00 0.000e+00 0.000e+00 0.000e+00 0.000e+00 0.000e+00 0.000e+00 0.000e+00 5.134e-274 1.877e-189 4.951e-131 1.078e-90 7.268e-63 1.089e-43 1.688e-30 1.891e-21 2.898e-15 4.635e-11 3.159e-08 2.426e-06 4.119e-05 2.480e-04 2.905e-04 2.905e-04 2.905e-04 2.905e-04 2.905e-04 2.905e-04 2.905e-04 2.905e-04
5.740e+00 0.000e+00 0.000e+00 0.000e+00 0.000e+00 0.000e+00 0.000e+00 0.000e+00 0.000e+00 5.955e-275 4.234e-190 1.769e-131 5.296e-91 4.450e-63 7.767e-44 1.337e-30 1.611e-21 2.597e-15 4.301e-11 3.002e-08 2.345e-06 4.028e-05 2.445e-04 2.865e-04 2.865e-04 2.865e-04 2.865e-04 2.865e-04 2.865e-04 2.865e-04 2.865e-04
5.750e+00 0.000e+00 0.000e+00 0.000e+00 0.000e+00 0.000e+00 0.000e+00 0.000e+00 0.000e+00 6.883e-276 9.527e-191 6.312e-132 2.598e-91 2.722e-63 5.534e-44 1.059e-30 1.373e-21 2.326e-15 3.990e-11 2.854e-08 2.266e-06 3.938e-05 2.409e-04 2.826e-04 2.826e-04 2.826e-04 2.826e-04 2.826e-04 2.826e-04 2.826e-04 2.826e-04
5.760e+00 0.000e+00 0.000e+00 0.000e+00 0.000e+00 0.000e+00 0.000e+00 0.000e+00 0.000e+00 7.927e-277 2.139e-191 2.248e-132 1.273e-91 1.664e-63 3.941e-44 8.379e-31 1.169e-21 2.084e-15 3.701e-11 2.712e-08 2.190e-06 3.850e-05 2.374e-04 2.787e-04 2.787e-04 2.787e-04 2.787e-04 2.787e-04 2.787e-04 2.787e-04 2.787e-04
5.770e+00 0.000e+00 0.000e+00 0.000e+00 0.000e+00 0.000e+00 0.000e+00 0.000e+00 0.000e+00 9.098e-278 4.788e-192 7.992e-133 6.234e-92 1.016e-63 2.805e-44 6.629e-31 9.951e-22 1.866e-15 3.433e-11 2.577e-08 2.116e-06 3.764e-05 2.340e-04 2.749e-04 2.749e-04 2.749e-04 2.749e-04 2.749e-04 2.749e-04 2.749e-04 2.749e-04
5.780e+00 0.000e+00 0.000e+00 0.000e+00 0.000e+00 0.000e+00 0.000e+00 0.000e+00 0.000e+00 1.040e-278 1.069e-192 2.836e-133 3.048e-92 6.201e-64 1.995e-44 5.243e-31 8.469e-22 1.671e-15 3.184e-11 2.449e-08 2.045e-06 3.679e-05 2.306e-04 2.711e-04 2.711e-04 2.711e-04 2.711e-04 2.711e-04 2.711e-04 2.711e-04 2.711e-04
5.790e+00 0.000e+00 0.000e+00 0.000e+00 0.000e+00 0.000e+00 0.000e+00 0.000e+00 0.000e+00 1.185e-279 2.383e-193 1.005e-133 1.489e-92 3.781e-64 1.419e-44 4.145e-31 7.206e-22 1.496e-15 2.952e-11 2.326e-08 1.976e-06 3.596e-05 2.272e-04 2.673e-04 2.673e-04 2.673e-04 2.673e-04 2.673e-04 2.673e-04 2.673e-04 2.673e-04
5.800e+00 0.000e+00 0.000e+00 0.000e+00 0.000e+00 0.000e+00 0.000e+00 0.000e+00 0.000e+00 1.346e-280 5.296e-194 3.555e-134 7.261e-93 2.303e-64 1.008e-44 3.276e-31 6.130e-22 1.339e-15 2.737e-11 2.210e-08 1.909e-06 3.515e-05 2.239e-04 2.636e-04 2.636e-04 2.636e-04 2.636e-04 2.636e-04 2.636e-04 2.636e-04 2.636e-04
5.810e+00 0.000e+00 0.000e+00 0.000e+00 0.000e+00 0.000e+00 0.000e+00 0.000e+00 0.000e+00 1.522e-281 1.174e-194 1.255e-134 3.537e-93 1.402e-64 7.157e-45 2.588e-31 5.213e-22 1.198e-15 2.537e-11 2.099e-08 1.844e-06 3.436e-05 2.206e-04 2.600e-04 2.600e-04 2.600e-04 2.600e-04 2.600e-04 2.600e-04 2.600e-04 2.600e-04
5.820e+00 0.000e+00 0.000e+00 0.000e+00 0.000e+00 0.000e+00 0.000e+00 0.000e+00 0.000e+00 1.716e-282 2.597e-195 4.424e-135 1.721e-93 8.528e-65 5.079e-45 2.043e-31 4.432e-22 1.072e-15 2.352e-11 1.994e-08 1.781e-06 3.358e-05 2.174e-04 2.563e-04 2.563e-04 2.563e-04 2.563e-04 2.563e-04 2.563e-04 2.563e-04 2.563e-04
5.830e+00 0.000e+00 0.000e+00 0.000e+00 0.000e+00 0.000e+00 0.000e+00 0.000e+00 0.000e+00 1.928e-283 5.728e-196 1.557e-135 8.366e-94 5.183e-65 3.603e-45 1.613e-31 3.767e-22 9.589e-16 2.179e-11 1.894e-08 1.721e-06 3.282e-05 2.142e-04 2.528e-04 2.528e-04 2.528e-04 2.528e-04 2.528e-04 2.528e-04 2.528e-04 2.528e-04
5.840e+00 0.000e+00 0.000e+00 0.000e+00 0.000e+00 0.000e+00 0.000e+00 0.000e+00 0.000e+00 2.158e-284 1.261e-196 5.469e-136 4.062e-94 3.147e-65 2.554e-45 1.273e-31 3.200e-22 8.576e-16 2.020e-11 1.798e-08 1.662e-06 3.207e-05 2.110e-04 2.492e-04 2.492e-04 2.492e-04 2.492e-04 2.492e-04 2.492e-04 2.492e-04 2.492e-04
5.850e+00 0.000e+00 0.000e+00 0.000e+00 0.000e+00 0.000e+00 0.000e+00 0.000e+00 0.000e+00 2.406e-285 2.767e-197 1.918e-136 1.969e-94 1.909e-65 1.809e-45 1.004e-31 2.719e-22 7.669e-16 1.871e-11 1.708e-08 1.605e-06 3.134e-05 2.079e-04 2.457e-04 2.457e-04 2.457e-04 2.457e-04 2.457e-04 2.457e-04 2.457e-04 2.457e-04
5.860e+00 0.000e+00 0.000e+00 0.000e+00 0.000e+00 0.000e+00 0.000e+00 0.000e+00 0.000e+00 2.674e-286 6.059e-198 6.713e-137 9.538e-95 1.158e-65 1.281e-45 7.913e-32 2.309e-22 6.856e-16 1.733e-11 1.621e-08 1.550e-06 3.063e-05 2.048e-04 2.423e-04 2.423e-04 2.423e-04 2.423e-04 2.423e-04 2.423e-04 2.423e-04 2.423e-04
5.870e+00 0.000e+00 0.000e+00 0.000e+00 0.000e+00 0.000e+00 0.000e+00 0.000e+00 0.000e+00 2.961e-287 1.323e-198 2.346e-137 4.614e-95 7.012e-66 9.067e-46 6.236e-32 1.960e-22 6.128e-16 1.606e-11 1.539e-08 1.497e-06 2.993e-05 2.018e-04 2.388e-04 2.388e-04 2.388e-04 2.388e-04 2.388e-04 2.388e-04 2.388e-04 2.388e-04
5.880e+00 0.000e+00 0.000e+00 0.000e+00 0.000e+00 0.000e+00 0.000e+00 0.000e+00 0.000e+00 3.266e-288 2.884e-199 8.185e-138 2.229e-95 4.244e-66 6.413e-46 4.913e-32 1.664e-22 5.477e-16 1.487e-11 1.461e-08 1.446e-06 2.924e-05 1.988e-04 2.355e-04 2.355e-04 2.355e-04 2.355e-04 2.355e-04 2.355e-04 2.355e-04 2.355e-04
5.890e+00 0.000e+00 0.000e+00 0.000e+00 0.000e+00 0.000e+00 0.000e+00 0.000e+00 0.000e+00 3.591e-289 6.268e-200 2.851e-138 1.076e-95 2.566e-66 4.533e-46 3.869e-32 1.412e-22 4.893e-16 1.377e-11 1.387e-08 1.396e-06 2.857e-05 1.958e-04 2.321e-04 2.321e-04 2.321e-04 2.321e-04 2.321e-04 2.321e-04 2.321e-04 2.321e-04
5.900e+00 0.000e+00 0.000e+00 0.000e+00 0.000e+00 0.000e+00 0.000e+00 0.000e+00 0.000e+00 3.934e-290 1.359e-200 9.912e-139 5.186e-96 1.551e-66 3.202e-46 3.045e-32 1.197e-22 4.371e-16 1.275e-11 1.316e-08 1.348e-06 2.791e-05 1.929e-04 2.288e-04 2.288e-04 2.288e-04 2.288e-04 2.288e-04 2.288e-04 2.288e-04 2.288e-04
5.910e+00 0.000e+00 0.000e+00 0.000e+00 0.000e+00 0.000e+00 0.000e+00 0.000e+00 0.000e+00 4.294e-291 2.939e-201 3.440e-139 2.497e-96 9.362e-67 2.261e-46 2.396e-32 1.015e-22 3.904e-16 1.180e-11 1.249e-08 1.301e-06 2.727e-05 1.900e-04 2.256e-04 2.256e-04 2.256e-04 2.256e-04 2.256e-04 2.256e-04 2.256e-04 2.256e-04
5.920e+00 0.000e+00 0.000e+00 0.000e+00 0.000e+00 0.000e+00 0.000e+00 0.000e+00 0.000e+00 4.671e-292 6.341e-202 1.192e-139 1.201e-96 5.647e-67 1.596e-46 1.884e-32 8.609e-23 3.486e-16 1.092e-11 1.185e-08 1.256e-06 2.664e-05 1.871e-04 2.224e-04 2.224e-04 2.224e-04 2.224e-04 2.224e-04 2.224e-04 2.224e-04 2.224e-04
5.930e+00 0.000e+00 0.000e+00 0.000e+00 0.000e+00 0.000e+00 0.000e+00 0.000e+00 0.000e+00 5.062e-293 1.365e-202 4.123e-140 5.766e-97 3.404e-67 1.125e-46 1.482e-32 7.297e-23 3.113e-16 1.011e-11 1.125e-08 1.212e-06 2.602e-05 1.843e-04 2.192e-04 2.192e-04 2.192e-04 2.192e-04 2.192e-04 2.192e-04 2.192e-04 2.192e-04
5.940e+00 0.000e+00 0.000e+00 0.000e+00 0.000e+00 0.000e+00 0.000e+00 0.000e+00 0.000e+00 5.466e-294 2.930e-203 1.424e-140 2.766e-97 2.050e-67 7.932e-47 1.164e-32 6.183e-23 2.779e-16 9.356e-12 1.067e-08 1.170e-06 2.542e-05 1.815e-04 2.160e-04 2.160e-04 2.160e-04 2.160e-04 2.160e-04 2.160e-04 2.160e-04 2.160e-04
5.950e+00 0.000e+00 0.000e+00 0.000e+00 0.000e+00 0.000e+00 0.000e+00 0.000e+00 0.000e+00 5.882e-295 6.274e-204 4.908e-141 1.326e-97 1.234e-67 5.588e-47 9.147e-33 5.238e-23 2.480e-16 8.657e-12 1.012e-08 1.129e-06 2.483e-05 1.788e-04 2.129e-04 2.129e-04 2.129e-04 2.129e-04 2.129e-04 2.129e-04 2.129e-04 2.129e-04
5.960e+00 0.000e+00 0.000e+00 0.000e+00 0.000e+00 0.000e+00 0.000e+00 0.000e+00 0.000e+00 6.307e-296 1.340e-204 1.689e-141 6.344e-98 7.417e-68 3.934e-47 7.183e-33 4.436e-23 2.213e-16 8.009e-12 9.601e-09 1.090e-06 2.425e-05 1.760e-04 2.099e-04 2.099e-04 2.099e-04 2.099e-04 2.099e-04 2.099e-04 2.099e-04 2.099e-04
5.970e+00 0.000e+00 0.000e+00 0.000e+00 0.000e+00 0.000e+00 0.000e+00 0.000e+00 0.000e+00 6.738e-297 2.856e-205 5.803e-142 3.033e-98 4.456e-68 2.768e-47 5.638e-33 3.755e-23 1.974e-16 7.408e-12 9.106e-09 1.052e-06 2.368e-05 1.734e-04 2.068e-04 2.068e-04 2.068e-04 2.068e-04 2.068e-04 2.068e-04 2.068e-04 2.068e-04
5.980e+00 0.000e+00 0.000e+00 0.000e+00 0.000e+00 0.000e+00 0.000e+00 0.000e+00 0.000e+00 7.173e-298 6.071e-206 1.990e-142 1.448e-98 2.675e-68 1.947e-47 4.424e-33 3.179e-23 1.761e-16 6.851e-12 8.636e-09 1.015e-06 2.313e-05 1.707e-04 2.038e-04 2.038e-04 2.038e-04 2.038e-04 2.038e-04 2.038e-04 2.038e-04 2.038e-04
5.990e+00 0.000e+00 0.000e+00 0.000e+00 0.000e+00 0.000e+00 0.000e+00 0.000e+00 0.000e+00 7.610e-299 1.287e-206 6.814e-143 6.905e-99 1.604e-68 1.368e-47 3.470e-33 2.690e-23 1.570e-16 6.336e-12 8.189e-09 9.794e-07 2.259e-05 1.681e-04 2.009e-04 2.009e-04 2.009e-04 2.009e-04 2.009e-04 2.009e-04 2.009e-04 2.009e-04
